web_scraper_order,web_scraper_start_url,price,type_habits,adress,img
"1765132328-1","https://sn.coinafrique.com/categorie/vetements-homme?page=119","10 000CFA","Lacostes","Dakar, Sénégal","https://sn.coinafrique.com/annonce/vetements-homme/lacostes-2194396"
"1765132328-2","https://sn.coinafrique.com/categorie/vetements-homme?page=119","10 000CFA","Lacostes","Dakar, Sénégal","https://sn.coinafrique.com/annonce/vetements-homme/lacostes-2194391"
"1765132328-3","https://sn.coinafrique.com/categorie/vetements-homme?page=119","10 000CFA","Lacostes","Dakar, Sénégal","https://sn.coinafrique.com/annonce/vetements-homme/lacostes-2194385"
"1765132328-4","https://sn.coinafrique.com/categorie/vetements-homme?page=119","10 000CFA","Polo Lacoste","Dakar, Sénégal","https://sn.coinafrique.com/annonce/vetements-homme/polo-lacoste-2194382"
"1765132328-5","https://sn.coinafrique.com/categorie/vetements-homme?page=119","10 000CFA","Lacostes","Dakar, Sénégal","https://sn.coinafrique.com/annonce/vetements-homme/lacostes-2194377"
"1765132328-6","https://sn.coinafrique.com/categorie/vetements-homme?page=119","10 000CFA","Lacoste","Dakar, Sénégal","https://sn.coinafrique.com/annonce/vetements-homme/lacoste-2194368"
"1765132328-7","https://sn.coinafrique.com/categorie/vetements-homme?page=119","10 000CFA","Pantalon homme","Dakar, Sénégal","https://sn.coinafrique.com/annonce/vetements-homme/pantalon-homme-2194269"
"1765132328-8","https://sn.coinafrique.com/categorie/vetements-homme?page=119","5 000CFA","Tee-shirts","Dakar, Sénégal","https://sn.coinafrique.com/annonce/vetements-homme/tee-shirts-2193874"
"1765132328-9","https://sn.coinafrique.com/categorie/vetements-homme?page=119","12 000CFA","Ensemble homme","Dakar, Sénégal","https://sn.coinafrique.com/annonce/vetements-homme/ensemble-homme-2193841"
"1765132328-10","https://sn.coinafrique.com/categorie/vetements-homme?page=119","12 000CFA","Pantalon et t-shirt","Guediawaye, Dakar, Sénégal","https://sn.coinafrique.com/annonce/vetements-homme/pantalon-et-t-shirt-2192716"
"1765132328-11","https://sn.coinafrique.com/categorie/vetements-homme?page=119","25 000CFA","Ensemble blouson","Dakar, Sénégal","https://sn.coinafrique.com/annonce/vetements-homme/ensemble-blouson-2192607"
"1765132328-12","https://sn.coinafrique.com/categorie/vetements-homme?page=119","25 000CFA","Ensemble homme","Dakar, Sénégal","https://sn.coinafrique.com/annonce/vetements-homme/ensemble-homme-2192595"
"1765132328-13","https://sn.coinafrique.com/categorie/vetements-homme?page=119","10 000CFA","Lacoste","Dakar, Sénégal","https://sn.coinafrique.com/annonce/vetements-homme/lacoste-2192589"
"1765132328-14","https://sn.coinafrique.com/categorie/vetements-homme?page=119","12 000CFA","Ensemble t-shirt + culotte","Rufisque, Sénégal","https://sn.coinafrique.com/annonce/vetements-homme/ensemble-t-shirt-culotte-2190286"
"1765132328-15","https://sn.coinafrique.com/categorie/vetements-homme?page=119","13 500CFA","Ensemble homme","Rufisque, Sénégal","https://sn.coinafrique.com/annonce/vetements-homme/ensemble-homme-2190282"
"1765132328-16","https://sn.coinafrique.com/categorie/vetements-homme?page=119","3 000CFA","Tee-shirt unique","Dakar, Sénégal","https://sn.coinafrique.com/annonce/vetements-homme/tee-shirt-unique-2190205"
"1765132328-17","https://sn.coinafrique.com/categorie/vetements-homme?page=119","Prix sur demande","Ensemble homme","Dakar Plateau, Dakar, Sénégal","https://sn.coinafrique.com/annonce/vetements-homme/ensemble-homme-2189970"
"1765132328-18","https://sn.coinafrique.com/categorie/vetements-homme?page=119","Prix sur demande","Ensemble homme","Dakar Plateau, Dakar, Sénégal","https://sn.coinafrique.com/annonce/vetements-homme/ensemble-homme-2189968"
"1765132328-19","https://sn.coinafrique.com/categorie/vetements-homme?page=119","Prix sur demande","Ensemble Homme","Dakar Plateau, Dakar, Sénégal","https://sn.coinafrique.com/annonce/vetements-homme/ensemble-homme-2189966"
"1765132328-20","https://sn.coinafrique.com/categorie/vetements-homme?page=119","6 500CFA","Pantalon Kaki","Dakar Plateau, Dakar, Sénégal","https://sn.coinafrique.com/annonce/vetements-homme/pantalon-kaki-2189902"
"1765132328-21","https://sn.coinafrique.com/categorie/vetements-homme?page=119","6 500CFA","Pantalon kaki","Dakar Plateau, Dakar, Sénégal","https://sn.coinafrique.com/annonce/vetements-homme/pantalon-kaki-2189898"
"1765132328-22","https://sn.coinafrique.com/categorie/vetements-homme?page=119","6 500CFA","Pantalon kaki","Dakar Plateau, Dakar, Sénégal","https://sn.coinafrique.com/annonce/vetements-homme/pantalon-kaki-2189892"
"1765132328-23","https://sn.coinafrique.com/categorie/vetements-homme?page=119","8 500CFA","Pantalons","Dakar Plateau, Dakar, Sénégal","https://sn.coinafrique.com/annonce/vetements-homme/pantalons-2189890"
"1765132328-24","https://sn.coinafrique.com/categorie/vetements-homme?page=119","8 500CFA","Pantalon homme","Dakar Plateau, Dakar, Sénégal","https://sn.coinafrique.com/annonce/vetements-homme/pantalon-homme-2189887"
"1765132328-25","https://sn.coinafrique.com/categorie/vetements-homme?page=119","8 500CFA","Pantalons homme","Dakar Plateau, Dakar, Sénégal","https://sn.coinafrique.com/annonce/vetements-homme/pantalons-homme-2189885"
"1765132328-26","https://sn.coinafrique.com/categorie/vetements-homme?page=119","12 000CFA","Ensemble homme","Dakar Plateau, Dakar, Sénégal","https://sn.coinafrique.com/annonce/vetements-homme/ensemble-homme-2189861"
"1765132328-27","https://sn.coinafrique.com/categorie/vetements-homme?page=119","12 000CFA","Ensemble pantalons et chemises","Dakar Plateau, Dakar, Sénégal","https://sn.coinafrique.com/annonce/vetements-homme/ensemble-pantalons-et-chemises-2189857"
"1765132328-28","https://sn.coinafrique.com/categorie/vetements-homme?page=119","12 000CFA","Ensemble homme","Dakar Plateau, Dakar, Sénégal","https://sn.coinafrique.com/annonce/vetements-homme/ensemble-homme-2189853"
"1765132328-29","https://sn.coinafrique.com/categorie/vetements-homme?page=119","12 000CFA","Ensemble homme","Dakar Plateau, Dakar, Sénégal","https://sn.coinafrique.com/annonce/vetements-homme/ensemble-homme-2189848"
"1765132328-30","https://sn.coinafrique.com/categorie/vetements-homme?page=119","12 000CFA","Ensemble homme","Dakar Plateau, Dakar, Sénégal","https://sn.coinafrique.com/annonce/vetements-homme/ensemble-homme-2189844"
"1765132328-31","https://sn.coinafrique.com/categorie/vetements-homme?page=119","12 000CFA","Ensemble","Dakar Plateau, Dakar, Sénégal","https://sn.coinafrique.com/annonce/vetements-homme/ensemble-2189840"
"1765132328-32","https://sn.coinafrique.com/categorie/vetements-homme?page=119","12 000CFA","Ensemble pantalons et chemises","Dakar Plateau, Dakar, Sénégal","https://sn.coinafrique.com/annonce/vetements-homme/ensemble-pantalons-et-chemises-2189839"
"1765132328-33","https://sn.coinafrique.com/categorie/vetements-homme?page=119","12 000CFA","Ensemble homme","Dakar Plateau, Dakar, Sénégal","https://sn.coinafrique.com/annonce/vetements-homme/ensemble-homme-2189836"
"1765132328-34","https://sn.coinafrique.com/categorie/vetements-homme?page=119","12 000CFA","Ensemble Homme","Dakar Plateau, Dakar, Sénégal","https://sn.coinafrique.com/annonce/vetements-homme/ensemble-homme-2189830"
"1765132328-35","https://sn.coinafrique.com/categorie/vetements-homme?page=119","12 000CFA","Ensemble homme","Dakar Plateau, Dakar, Sénégal","https://sn.coinafrique.com/annonce/vetements-homme/ensemble-homme-2189827"
"1765132328-36","https://sn.coinafrique.com/categorie/vetements-homme?page=119","12 000CFA","Ensemble Homme","Dakar Plateau, Dakar, Sénégal","https://sn.coinafrique.com/annonce/vetements-homme/ensemble-homme-2189826"
"1765132328-37","https://sn.coinafrique.com/categorie/vetements-homme?page=119","10 000CFA","Ensemble Homme","Dakar Plateau, Dakar, Sénégal","https://sn.coinafrique.com/annonce/vetements-homme/ensemble-homme-2189713"
"1765132328-38","https://sn.coinafrique.com/categorie/vetements-homme?page=119","10 000CFA","Ensemble homme","Dakar Plateau, Dakar, Sénégal","https://sn.coinafrique.com/annonce/vetements-homme/ensemble-homme-2189709"
"1765132328-39","https://sn.coinafrique.com/categorie/vetements-homme?page=119","10 000CFA","Ensemble","Dakar Plateau, Dakar, Sénégal","https://sn.coinafrique.com/annonce/vetements-homme/ensemble-2189707"
"1765132328-40","https://sn.coinafrique.com/categorie/vetements-homme?page=119","17 000CFA","Ensemble Homme","Dakar Plateau, Dakar, Sénégal","https://sn.coinafrique.com/annonce/vetements-homme/ensemble-homme-2189703"
"1765132328-41","https://sn.coinafrique.com/categorie/vetements-homme?page=119","17 000CFA","Ensemble homme","Dakar Plateau, Dakar, Sénégal","https://sn.coinafrique.com/annonce/vetements-homme/ensemble-homme-2189700"
"1765132328-42","https://sn.coinafrique.com/categorie/vetements-homme?page=119","17 000CFA","Ensemble pantalons et t-shirt","Dakar Plateau, Dakar, Sénégal","https://sn.coinafrique.com/annonce/vetements-homme/ensemble-pantalons-et-t-shirt-2189698"
"1765132328-43","https://sn.coinafrique.com/categorie/vetements-homme?page=119","13 000CFA","Ensemble","Dakar Plateau, Dakar, Sénégal","https://sn.coinafrique.com/annonce/vetements-homme/ensemble-2189695"
"1765132328-44","https://sn.coinafrique.com/categorie/vetements-homme?page=119","12 000CFA","Ensemble homme","Dakar Plateau, Dakar, Sénégal","https://sn.coinafrique.com/annonce/vetements-homme/ensemble-homme-2189688"
"1765132328-45","https://sn.coinafrique.com/categorie/vetements-homme?page=119","12 000CFA","Ensemble homme","Dakar Plateau, Dakar, Sénégal","https://sn.coinafrique.com/annonce/vetements-homme/ensemble-homme-2189626"
"1765132328-46","https://sn.coinafrique.com/categorie/vetements-homme?page=119","12 000CFA","Ensemble homme","Dakar Plateau, Dakar, Sénégal","https://sn.coinafrique.com/annonce/vetements-homme/ensemble-homme-2189620"
"1765132328-47","https://sn.coinafrique.com/categorie/vetements-homme?page=119","12 000CFA","Ensemble homme","Dakar Plateau, Dakar, Sénégal","https://sn.coinafrique.com/annonce/vetements-homme/ensemble-homme-2189617"
"1765132328-48","https://sn.coinafrique.com/categorie/vetements-homme?page=119","12 000CFA","Ensemble vêtements","Dakar Plateau, Dakar, Sénégal","https://sn.coinafrique.com/annonce/vetements-homme/ensemble-vetements-2189614"
"1765132328-49","https://sn.coinafrique.com/categorie/vetements-homme?page=119","12 000CFA","Ensemble homme","Dakar Plateau, Dakar, Sénégal","https://sn.coinafrique.com/annonce/vetements-homme/ensemble-homme-2189612"
"1765132328-50","https://sn.coinafrique.com/categorie/vetements-homme?page=119","12 000CFA","Ensemble vêtements","Dakar Plateau, Dakar, Sénégal","https://sn.coinafrique.com/annonce/vetements-homme/ensemble-vetements-2189608"
"1765132328-51","https://sn.coinafrique.com/categorie/vetements-homme?page=119","12 000CFA","Ensemble homme","Dakar Plateau, Dakar, Sénégal","https://sn.coinafrique.com/annonce/vetements-homme/ensemble-homme-2189606"
"1765132328-52","https://sn.coinafrique.com/categorie/vetements-homme?page=119","12 000CFA","Tunique","Dakar Plateau, Dakar, Sénégal","https://sn.coinafrique.com/annonce/vetements-homme/tunique-2189602"
"1765132328-53","https://sn.coinafrique.com/categorie/vetements-homme?page=119","12 000CFA","Ensemble","Dakar Plateau, Dakar, Sénégal","https://sn.coinafrique.com/annonce/vetements-homme/ensemble-2189585"
"1765132328-54","https://sn.coinafrique.com/categorie/vetements-homme?page=119","10 000CFA","Polo Lacoste","Dakar, Sénégal","https://sn.coinafrique.com/annonce/vetements-homme/polo-lacoste-2186310"
"1765132328-55","https://sn.coinafrique.com/categorie/vetements-homme?page=119","10 000CFA","Polo Lacoste","Dakar, Sénégal","https://sn.coinafrique.com/annonce/vetements-homme/polo-lacoste-2186306"
"1765132328-56","https://sn.coinafrique.com/categorie/vetements-homme?page=119","10 000CFA","Polo Lacoste","Dakar, Sénégal","https://sn.coinafrique.com/annonce/vetements-homme/polo-lacoste-2186302"
"1765132328-57","https://sn.coinafrique.com/categorie/vetements-homme?page=119","10 000CFA","Polo Lacoste","Dakar, Sénégal","https://sn.coinafrique.com/annonce/vetements-homme/polo-lacoste-2186300"
"1765132328-58","https://sn.coinafrique.com/categorie/vetements-homme?page=119","12 000CFA","Pantalon Jeans homme","Dakar, Sénégal","https://sn.coinafrique.com/annonce/vetements-homme/pantalon-jeans-homme-2185582"
"1765132328-59","https://sn.coinafrique.com/categorie/vetements-homme?page=119","12 000CFA","Pantalon Jeans homme","Dakar, Sénégal","https://sn.coinafrique.com/annonce/vetements-homme/pantalon-jeans-homme-2185575"
"1765132328-60","https://sn.coinafrique.com/categorie/vetements-homme?page=119","Prix sur demande","Ensemble","Sicap Liberté, Dakar, Sénégal","https://sn.coinafrique.com/annonce/vetements-homme/ensemble-2184350"
"1765132328-61","https://sn.coinafrique.com/categorie/vetements-homme?page=119","Prix sur demande","Ensemble homme","Sicap Liberté, Dakar, Sénégal","https://sn.coinafrique.com/annonce/vetements-homme/ensemble-homme-2184349"
"1765132328-62","https://sn.coinafrique.com/categorie/vetements-homme?page=119","Prix sur demande","Ensemble homme","Sicap Liberté, Dakar, Sénégal","https://sn.coinafrique.com/annonce/vetements-homme/ensemble-homme-2184348"
"1765132328-63","https://sn.coinafrique.com/categorie/vetements-homme?page=119","Prix sur demande","Ensemble homme","Sicap Liberté, Dakar, Sénégal","https://sn.coinafrique.com/annonce/vetements-homme/ensemble-homme-2184347"
"1765132328-64","https://sn.coinafrique.com/categorie/vetements-homme?page=119","6 500CFA","Pantalon Kaki","Dakar Plateau, Dakar, Sénégal","https://sn.coinafrique.com/annonce/vetements-homme/pantalon-kaki-2184183"
"1765132328-65","https://sn.coinafrique.com/categorie/vetements-homme?page=119","6 500CFA","Pantalons Kaki","Dakar Plateau, Dakar, Sénégal","https://sn.coinafrique.com/annonce/vetements-homme/pantalons-kaki-2184178"
"1765132328-66","https://sn.coinafrique.com/categorie/vetements-homme?page=119","6 500CFA","Pantalon Kaki","Dakar Plateau, Dakar, Sénégal","https://sn.coinafrique.com/annonce/vetements-homme/pantalon-kaki-2184174"
"1765132328-67","https://sn.coinafrique.com/categorie/vetements-homme?page=119","11 000CFA","Ensemble vêtements","Dakar Plateau, Dakar, Sénégal","https://sn.coinafrique.com/annonce/vetements-homme/ensemble-vetements-2184160"
"1765132328-68","https://sn.coinafrique.com/categorie/vetements-homme?page=119","11 000CFA","Ensembles","Dakar Plateau, Dakar, Sénégal","https://sn.coinafrique.com/annonce/vetements-homme/ensembles-2184158"
"1765132328-69","https://sn.coinafrique.com/categorie/vetements-homme?page=119","11 000CFA","Ensembles","Dakar Plateau, Dakar, Sénégal","https://sn.coinafrique.com/annonce/vetements-homme/ensembles-2184156"
"1765132328-70","https://sn.coinafrique.com/categorie/vetements-homme?page=119","12 000CFA","Ensemble vêtements","Dakar Plateau, Dakar, Sénégal","https://sn.coinafrique.com/annonce/vetements-homme/ensemble-vetements-2184150"
"1765132328-71","https://sn.coinafrique.com/categorie/vetements-homme?page=119","12 000CFA","Ensembles","Dakar Plateau, Dakar, Sénégal","https://sn.coinafrique.com/annonce/vetements-homme/ensembles-2184147"
"1765132328-72","https://sn.coinafrique.com/categorie/vetements-homme?page=119","12 000CFA","Ensemble vêtements","Dakar Plateau, Dakar, Sénégal","https://sn.coinafrique.com/annonce/vetements-homme/ensemble-vetements-2184145"
"1765132328-73","https://sn.coinafrique.com/categorie/vetements-homme?page=119","12 000CFA","Ensemble vêtements","Dakar Plateau, Dakar, Sénégal","https://sn.coinafrique.com/annonce/vetements-homme/ensemble-vetements-2184143"
"1765132328-74","https://sn.coinafrique.com/categorie/vetements-homme?page=119","Prix sur demande","Ensemble chemise kaki","Guediawaye, Dakar, Sénégal","https://sn.coinafrique.com/annonce/vetements-homme/ensemble-chemise-kaki-2183785"
"1765132328-75","https://sn.coinafrique.com/categorie/vetements-homme?page=119","9 000CFA","Pantalons et chemises","Parcelle Assainies, Dakar, Sénégal","https://sn.coinafrique.com/annonce/vetements-homme/pantalons-et-chemises-2183534"
"1765132328-76","https://sn.coinafrique.com/categorie/vetements-homme?page=119","25 000CFA","Tenue Africaine","Dakar Plateau, Dakar, Sénégal","https://sn.coinafrique.com/annonce/vetements-homme/tenue-africaine-2183429"
"1765132328-77","https://sn.coinafrique.com/categorie/vetements-homme?page=119","16 000CFA","Pantalon & Lacoste","Guediawaye, Dakar, Sénégal","https://sn.coinafrique.com/annonce/vetements-homme/pantalon-et-lacoste-2183284"
"1765132328-78","https://sn.coinafrique.com/categorie/vetements-homme?page=119","10 000CFA","Chemise homme","Dakar, Sénégal","https://sn.coinafrique.com/annonce/vetements-homme/chemise-homme-2183175"
"1765132328-79","https://sn.coinafrique.com/categorie/vetements-homme?page=119","10 000CFA","Chemise Tommy","Dakar, Sénégal","https://sn.coinafrique.com/annonce/vetements-homme/chemise-tommy-2183173"
"1765132328-80","https://sn.coinafrique.com/categorie/vetements-homme?page=119","2 000CFA","Tee-shirt coton","Grand Yoff, Dakar, Sénégal","https://sn.coinafrique.com/annonce/vetements-homme/tee-shirt-coton-2182864"
"1765132328-81","https://sn.coinafrique.com/categorie/vetements-homme?page=119","25 000CFA","Ensemble blouson homme","Dakar, Sénégal","https://sn.coinafrique.com/annonce/vetements-homme/ensemble-blouson-homme-2182503"
"1765132328-82","https://sn.coinafrique.com/categorie/vetements-homme?page=119","Prix sur demande","Vêtement homme","Dakar-Plateau, Dakar, Sénégal","https://sn.coinafrique.com/annonce/vetements-homme/vetement-homme-2180586"
"1765132328-83","https://sn.coinafrique.com/categorie/vetements-homme?page=119","6 500CFA","Vêtements homme","Dakar Plateau, Dakar, Sénégal","https://sn.coinafrique.com/annonce/vetements-homme/vetements-homme-2179106"
"1765132328-84","https://sn.coinafrique.com/categorie/vetements-homme?page=119","6 500CFA","Pantalon kaki","Dakar Plateau, Dakar, Sénégal","https://sn.coinafrique.com/annonce/vetements-homme/pantalon-kaki-2179101"
"1765132480-85","https://sn.coinafrique.com/categorie/vetements-homme?page=118","12 000CFA","Ensemble vêtements homme","Dakar Plateau, Dakar, Sénégal","https://sn.coinafrique.com/annonce/vetements-homme/ensemble-vetements-homme-2206005"
"1765132480-86","https://sn.coinafrique.com/categorie/vetements-homme?page=118","12 000CFA","Ensemble vêtements homme","Dakar Plateau, Dakar, Sénégal","https://sn.coinafrique.com/annonce/vetements-homme/ensemble-vetements-homme-2206001"
"1765132480-87","https://sn.coinafrique.com/categorie/vetements-homme?page=118","12 000CFA","Ensemble vêtements homme","Dakar Plateau, Dakar, Sénégal","https://sn.coinafrique.com/annonce/vetements-homme/ensemble-vetements-homme-2205998"
"1765132480-88","https://sn.coinafrique.com/categorie/vetements-homme?page=118","12 000CFA","Ensemble vêtements homme","Dakar Plateau, Dakar, Sénégal","https://sn.coinafrique.com/annonce/vetements-homme/ensemble-vetements-homme-2205992"
"1765132480-89","https://sn.coinafrique.com/categorie/vetements-homme?page=118","12 000CFA","Ensemble vêtements homme","Dakar Plateau, Dakar, Sénégal","https://sn.coinafrique.com/annonce/vetements-homme/ensemble-vetements-homme-2205988"
"1765132480-90","https://sn.coinafrique.com/categorie/vetements-homme?page=118","12 000CFA","Ensemble","Dakar Plateau, Dakar, Sénégal","https://sn.coinafrique.com/annonce/vetements-homme/ensemble-2205985"
"1765132480-91","https://sn.coinafrique.com/categorie/vetements-homme?page=118","12 000CFA","Ensemble vêtements homme","Dakar Plateau, Dakar, Sénégal","https://sn.coinafrique.com/annonce/vetements-homme/ensemble-vetements-homme-2205979"
"1765132480-92","https://sn.coinafrique.com/categorie/vetements-homme?page=118","12 000CFA","Ensemble vêtements homme","Dakar Plateau, Dakar, Sénégal","https://sn.coinafrique.com/annonce/vetements-homme/ensemble-vetements-homme-2205977"
"1765132480-93","https://sn.coinafrique.com/categorie/vetements-homme?page=118","15 000CFA","Ensemble vêtements homme","Dakar, Sénégal","https://sn.coinafrique.com/annonce/vetements-homme/ensemble-vetements-homme-2205670"
"1765132480-94","https://sn.coinafrique.com/categorie/vetements-homme?page=118","10 000CFA","Pantalon kaki","Dakar, Sénégal","https://sn.coinafrique.com/annonce/vetements-homme/pantalon-kaki-2205261"
"1765132480-95","https://sn.coinafrique.com/categorie/vetements-homme?page=118","13 500CFA","Bombers","Dakar, Sénégal","https://sn.coinafrique.com/annonce/vetements-homme/bombers-2205168"
"1765132480-96","https://sn.coinafrique.com/categorie/vetements-homme?page=118","Prix sur demande","T-shirt coton","Geule Tapée, Dakar, Sénégal","https://sn.coinafrique.com/annonce/vetements-homme/t-shirt-coton-2204961"
"1765132480-97","https://sn.coinafrique.com/categorie/vetements-homme?page=118","15 000CFA","Ensemble Polo - Pantalon","Dakar, Sénégal","https://sn.coinafrique.com/annonce/vetements-homme/ensemble-polo-pantalon-2204694"
"1765132480-98","https://sn.coinafrique.com/categorie/vetements-homme?page=118","15 000CFA","Ensemble Polo - Pantalon","Dakar, Sénégal","https://sn.coinafrique.com/annonce/vetements-homme/ensemble-polo-pantalon-2204691"
"1765132480-99","https://sn.coinafrique.com/categorie/vetements-homme?page=118","15 000CFA","Ensemble homme","Dakar, Sénégal","https://sn.coinafrique.com/annonce/vetements-homme/ensemble-homme-2204687"
"1765132480-100","https://sn.coinafrique.com/categorie/vetements-homme?page=118","12 000CFA","Ensemble jogging","Dakar, Sénégal","https://sn.coinafrique.com/annonce/vetements-homme/ensemble-jogging-2204636"
"1765132480-101","https://sn.coinafrique.com/categorie/vetements-homme?page=118","17 000CFA","Ensemble t-shirt chaussures","Dakar, Sénégal","https://sn.coinafrique.com/annonce/vetements-homme/ensemble-t-shirt-chaussures-2204615"
"1765132480-102","https://sn.coinafrique.com/categorie/vetements-homme?page=118","17 000CFA","Ensemble t-shirt - chaussures","Dakar, Sénégal","https://sn.coinafrique.com/annonce/vetements-homme/ensemble-t-shirt-chaussures-2204613"
"1765132480-103","https://sn.coinafrique.com/categorie/vetements-homme?page=118","25 000CFA","Blouson","Dakar, Sénégal","https://sn.coinafrique.com/annonce/vetements-homme/blouson-2204607"
"1765132480-104","https://sn.coinafrique.com/categorie/vetements-homme?page=118","25 000CFA","Blouson","Dakar, Sénégal","https://sn.coinafrique.com/annonce/vetements-homme/blouson-2204603"
"1765132480-105","https://sn.coinafrique.com/categorie/vetements-homme?page=118","6 000CFA","T-shirt homme","Dakar, Sénégal","https://sn.coinafrique.com/annonce/vetements-homme/t-shirt-homme-2203690"
"1765132480-106","https://sn.coinafrique.com/categorie/vetements-homme?page=118","20 000CFA","Ensemble homme","Dakar, Sénégal","https://sn.coinafrique.com/annonce/vetements-homme/ensemble-homme-2203155"
"1765132480-107","https://sn.coinafrique.com/categorie/vetements-homme?page=118","10 000CFA","Polo Lacoste","Dakar, Sénégal","https://sn.coinafrique.com/annonce/vetements-homme/polo-lacoste-2203152"
"1765132480-108","https://sn.coinafrique.com/categorie/vetements-homme?page=118","10 000CFA","Pantalon Kaki","Dakar, Sénégal","https://sn.coinafrique.com/annonce/vetements-homme/pantalon-kaki-2203150"
"1765132480-109","https://sn.coinafrique.com/categorie/vetements-homme?page=118","17 000CFA","Chemises Giant","Dakar Plateau, Dakar, Sénégal","https://sn.coinafrique.com/annonce/vetements-homme/chemises-giant-2203142"
"1765132480-110","https://sn.coinafrique.com/categorie/vetements-homme?page=118","17 000CFA","Chemises Giant","Dakar Plateau, Dakar, Sénégal","https://sn.coinafrique.com/annonce/vetements-homme/chemises-giant-2203140"
"1765132480-111","https://sn.coinafrique.com/categorie/vetements-homme?page=118","12 000CFA","Pantalon homme","Dakar Plateau, Dakar, Sénégal","https://sn.coinafrique.com/annonce/vetements-homme/pantalon-homme-2203135"
"1765132480-112","https://sn.coinafrique.com/categorie/vetements-homme?page=118","17 000CFA","Chemises Giant","Dakar Plateau, Dakar, Sénégal","https://sn.coinafrique.com/annonce/vetements-homme/chemises-giant-2203128"
"1765132480-113","https://sn.coinafrique.com/categorie/vetements-homme?page=118","10 000CFA","Pantalon jeans","Dakar, Sénégal","https://sn.coinafrique.com/annonce/vetements-homme/pantalon-jeans-2203003"
"1765132480-114","https://sn.coinafrique.com/categorie/vetements-homme?page=118","10 000CFA","Pantalon jeans","Dakar, Sénégal","https://sn.coinafrique.com/annonce/vetements-homme/pantalon-jeans-2203001"
"1765132480-115","https://sn.coinafrique.com/categorie/vetements-homme?page=118","12 000CFA","Ensemble t-shirt","Dakar Plateau, Dakar, Sénégal","https://sn.coinafrique.com/annonce/vetements-homme/ensemble-t-shirt-2201841"
"1765132480-116","https://sn.coinafrique.com/categorie/vetements-homme?page=118","12 000CFA","Ensemble homme","Dakar Plateau, Dakar, Sénégal","https://sn.coinafrique.com/annonce/vetements-homme/ensemble-homme-2201839"
"1765132480-117","https://sn.coinafrique.com/categorie/vetements-homme?page=118","12 000CFA","Ensemble vêtements homme","Dakar Plateau, Dakar, Sénégal","https://sn.coinafrique.com/annonce/vetements-homme/ensemble-vetements-homme-2201837"
"1765132480-118","https://sn.coinafrique.com/categorie/vetements-homme?page=118","12 000CFA","Ensemble vêtements homme","Dakar Plateau, Dakar, Sénégal","https://sn.coinafrique.com/annonce/vetements-homme/ensemble-vetements-homme-2201834"
"1765132480-119","https://sn.coinafrique.com/categorie/vetements-homme?page=118","12 000CFA","Ensemble homme","Dakar Plateau, Dakar, Sénégal","https://sn.coinafrique.com/annonce/vetements-homme/ensemble-homme-2201831"
"1765132480-120","https://sn.coinafrique.com/categorie/vetements-homme?page=118","12 000CFA","Ensemble vêtements homme","Dakar Plateau, Dakar, Sénégal","https://sn.coinafrique.com/annonce/vetements-homme/ensemble-vetements-homme-2201830"
"1765132480-121","https://sn.coinafrique.com/categorie/vetements-homme?page=118","12 000CFA","Ensemble homme","Dakar Plateau, Dakar, Sénégal","https://sn.coinafrique.com/annonce/vetements-homme/ensemble-homme-2201827"
"1765132480-122","https://sn.coinafrique.com/categorie/vetements-homme?page=118","12 000CFA","Ensemble vêtements homme","Dakar Plateau, Dakar, Sénégal","https://sn.coinafrique.com/annonce/vetements-homme/ensemble-vetements-homme-2201825"
"1765132480-123","https://sn.coinafrique.com/categorie/vetements-homme?page=118","12 000CFA","Ensemble homme","Dakar Plateau, Dakar, Sénégal","https://sn.coinafrique.com/annonce/vetements-homme/ensemble-homme-2201822"
"1765132480-124","https://sn.coinafrique.com/categorie/vetements-homme?page=118","Prix sur demande","Ensemble kaki lacoste","Parcelle Assainies, Dakar, Sénégal","https://sn.coinafrique.com/annonce/vetements-homme/ensemble-kaki-lacoste-2201773"
"1765132480-125","https://sn.coinafrique.com/categorie/vetements-homme?page=118","5 000CFA","T-shirt couple","Parcelle Assainies, Dakar, Sénégal","https://sn.coinafrique.com/annonce/vetements-homme/t-shirt-couple-2201447"
"1765132480-126","https://sn.coinafrique.com/categorie/vetements-homme?page=118","9 500CFA","Ensemble Vêtements Hommes","Dakar-Plateau, Dakar, Sénégal","https://sn.coinafrique.com/annonce/vetements-homme/ensemble-vetements-hommes-2201223"
"1765132480-127","https://sn.coinafrique.com/categorie/vetements-homme?page=118","Prix sur demande","Tuniques homme","Patte d'oie, Dakar, Sénégal","https://sn.coinafrique.com/annonce/vetements-homme/tuniques-homme-2199823"
"1765132480-128","https://sn.coinafrique.com/categorie/vetements-homme?page=118","10 000CFA","Ensemble short","Grand Dakar, Dakar, Sénégal","https://sn.coinafrique.com/annonce/vetements-homme/ensemble-short-2199757"
"1765132480-129","https://sn.coinafrique.com/categorie/vetements-homme?page=118","12 000CFA","Combinaison homme","Grand Dakar, Dakar, Sénégal","https://sn.coinafrique.com/annonce/vetements-homme/combinaison-homme-2199746"
"1765132480-130","https://sn.coinafrique.com/categorie/vetements-homme?page=118","4 000CFA","Débardeur homme","Grand Dakar, Dakar, Sénégal","https://sn.coinafrique.com/annonce/vetements-homme/debardeur-homme-2199730"
"1765132480-131","https://sn.coinafrique.com/categorie/vetements-homme?page=118","10 000CFA","Ensemble short","Grand Dakar, Dakar, Sénégal","https://sn.coinafrique.com/annonce/vetements-homme/ensemble-short-2199720"
"1765132480-132","https://sn.coinafrique.com/categorie/vetements-homme?page=118","10 000CFA","Ensemble short","Grand Dakar, Dakar, Sénégal","https://sn.coinafrique.com/annonce/vetements-homme/ensemble-short-2199713"
"1765132480-133","https://sn.coinafrique.com/categorie/vetements-homme?page=118","12 000CFA","Pantalon homme","Dakar Plateau, Dakar, Sénégal","https://sn.coinafrique.com/annonce/vetements-homme/pantalon-homme-2199467"
"1765132480-134","https://sn.coinafrique.com/categorie/vetements-homme?page=118","12 000CFA","Pantalon kaki","Dakar, Sénégal","https://sn.coinafrique.com/annonce/vetements-homme/pantalon-kaki-2199445"
"1765132480-135","https://sn.coinafrique.com/categorie/vetements-homme?page=118","12 000CFA","Kaki de luxe","Dakar, Sénégal","https://sn.coinafrique.com/annonce/vetements-homme/kaki-de-luxe-2199439"
"1765132480-136","https://sn.coinafrique.com/categorie/vetements-homme?page=118","12 000CFA","Pantalon kaki","Dakar, Sénégal","https://sn.coinafrique.com/annonce/vetements-homme/pantalon-kaki-2199432"
"1765132480-137","https://sn.coinafrique.com/categorie/vetements-homme?page=118","17 000CFA","Chemises Giant","Dakar Plateau, Dakar, Sénégal","https://sn.coinafrique.com/annonce/vetements-homme/chemises-giant-2199415"
"1765132480-138","https://sn.coinafrique.com/categorie/vetements-homme?page=118","11 500CFA","T-shirts homme","Biscuiterie, Dakar, Sénégal","https://sn.coinafrique.com/annonce/vetements-homme/t-shirts-homme-2199325"
"1765132480-139","https://sn.coinafrique.com/categorie/vetements-homme?page=118","11 000CFA","Ensemble lacoste kaki","Dakar, Sénégal","https://sn.coinafrique.com/annonce/vetements-homme/ensemble-lacoste-kaki-2198774"
"1765132480-140","https://sn.coinafrique.com/categorie/vetements-homme?page=118","15 000CFA","Ensemble homme","Dakar, Sénégal","https://sn.coinafrique.com/annonce/vetements-homme/ensemble-homme-2198726"
"1765132480-141","https://sn.coinafrique.com/categorie/vetements-homme?page=118","15 000CFA","Ensemble homme","Dakar, Sénégal","https://sn.coinafrique.com/annonce/vetements-homme/ensemble-homme-2198716"
"1765132480-142","https://sn.coinafrique.com/categorie/vetements-homme?page=118","15 000CFA","Ensemble chomme","Dakar, Sénégal","https://sn.coinafrique.com/annonce/vetements-homme/ensemble-chomme-2198709"
"1765132480-143","https://sn.coinafrique.com/categorie/vetements-homme?page=118","Prix sur demande","Pantalons homme","Guediawaye, Dakar, Sénégal","https://sn.coinafrique.com/annonce/vetements-homme/pantalons-homme-2198585"
"1765132480-144","https://sn.coinafrique.com/categorie/vetements-homme?page=118","Prix sur demande","Vêtement homme","Guediawaye, Dakar, Sénégal","https://sn.coinafrique.com/annonce/vetements-homme/vetement-homme-2198582"
"1765132480-145","https://sn.coinafrique.com/categorie/vetements-homme?page=118","Prix sur demande","Vêtement homme","Guediawaye, Dakar, Sénégal","https://sn.coinafrique.com/annonce/vetements-homme/vetement-homme-2198342"
"1765132480-146","https://sn.coinafrique.com/categorie/vetements-homme?page=118","Prix sur demande","Vêtements homme","Guediawaye, Dakar, Sénégal","https://sn.coinafrique.com/annonce/vetements-homme/vetements-homme-2198292"
"1765132480-147","https://sn.coinafrique.com/categorie/vetements-homme?page=118","Prix sur demande","Vêtements Homme","Guediawaye, Dakar, Sénégal","https://sn.coinafrique.com/annonce/vetements-homme/vetements-homme-2198269"
"1765132480-148","https://sn.coinafrique.com/categorie/vetements-homme?page=118","Prix sur demande","Vêtements hommes","Guediawaye, Dakar, Sénégal","https://sn.coinafrique.com/annonce/vetements-homme/vetements-hommes-2198259"
"1765132480-149","https://sn.coinafrique.com/categorie/vetements-homme?page=118","10 000CFA","Polo Lacoste","Dakar, Sénégal","https://sn.coinafrique.com/annonce/vetements-homme/polo-lacoste-2197635"
"1765132480-150","https://sn.coinafrique.com/categorie/vetements-homme?page=118","10 000CFA","Lacoste homme","Dakar, Sénégal","https://sn.coinafrique.com/annonce/vetements-homme/lacoste-homme-2197625"
"1765132480-151","https://sn.coinafrique.com/categorie/vetements-homme?page=118","10 000CFA","Lacoste Homme","Dakar, Sénégal","https://sn.coinafrique.com/annonce/vetements-homme/lacoste-homme-2197617"
"1765132480-152","https://sn.coinafrique.com/categorie/vetements-homme?page=118","10 000CFA","Lacoste homme","Dakar, Sénégal","https://sn.coinafrique.com/annonce/vetements-homme/lacoste-homme-2197608"
"1765132480-153","https://sn.coinafrique.com/categorie/vetements-homme?page=118","10 000CFA","Polo Lacoste","Dakar, Sénégal","https://sn.coinafrique.com/annonce/vetements-homme/polo-lacoste-2197603"
"1765132480-154","https://sn.coinafrique.com/categorie/vetements-homme?page=118","6 500CFA","Pantalons Kaki","Dakar Plateau, Dakar, Sénégal","https://sn.coinafrique.com/annonce/vetements-homme/pantalons-kaki-2196565"
"1765132480-155","https://sn.coinafrique.com/categorie/vetements-homme?page=118","6 500CFA","Pantalons Kaki","Dakar Plateau, Dakar, Sénégal","https://sn.coinafrique.com/annonce/vetements-homme/pantalons-kaki-2196564"
"1765132480-156","https://sn.coinafrique.com/categorie/vetements-homme?page=118","12 000CFA","Ensemble vêtements","Dakar Plateau, Dakar, Sénégal","https://sn.coinafrique.com/annonce/vetements-homme/ensemble-vetements-2196499"
"1765132480-157","https://sn.coinafrique.com/categorie/vetements-homme?page=118","12 000CFA","Ensemble homme","Dakar Plateau, Dakar, Sénégal","https://sn.coinafrique.com/annonce/vetements-homme/ensemble-homme-2196495"
"1765132480-158","https://sn.coinafrique.com/categorie/vetements-homme?page=118","12 000CFA","Ensemble t-shirt + pantalon","Dakar Plateau, Dakar, Sénégal","https://sn.coinafrique.com/annonce/vetements-homme/ensemble-t-shirt-pantalon-2196491"
"1765132480-159","https://sn.coinafrique.com/categorie/vetements-homme?page=118","12 000CFA","Ensemble homme","Dakar Plateau, Dakar, Sénégal","https://sn.coinafrique.com/annonce/vetements-homme/ensemble-homme-2196490"
"1765132480-160","https://sn.coinafrique.com/categorie/vetements-homme?page=118","12 000CFA","Ensemble homme","Dakar Plateau, Dakar, Sénégal","https://sn.coinafrique.com/annonce/vetements-homme/ensemble-homme-2196486"
"1765132480-161","https://sn.coinafrique.com/categorie/vetements-homme?page=118","12 000CFA","Ensemble homme","Dakar Plateau, Dakar, Sénégal","https://sn.coinafrique.com/annonce/vetements-homme/ensemble-homme-2196484"
"1765132480-162","https://sn.coinafrique.com/categorie/vetements-homme?page=118","12 000CFA","Ensemble homme","Dakar Plateau, Dakar, Sénégal","https://sn.coinafrique.com/annonce/vetements-homme/ensemble-homme-2196479"
"1765132480-163","https://sn.coinafrique.com/categorie/vetements-homme?page=118","12 000CFA","Ensemble homme","Dakar Plateau, Dakar, Sénégal","https://sn.coinafrique.com/annonce/vetements-homme/ensemble-homme-2196475"
"1765132480-164","https://sn.coinafrique.com/categorie/vetements-homme?page=118","12 000CFA","Ensemble","Dakar Plateau, Dakar, Sénégal","https://sn.coinafrique.com/annonce/vetements-homme/ensemble-2196423"
"1765132480-165","https://sn.coinafrique.com/categorie/vetements-homme?page=118","10 000CFA","T-shirts homme","Dakar, Sénégal","https://sn.coinafrique.com/annonce/vetements-homme/t-shirts-homme-2196379"
"1765132480-166","https://sn.coinafrique.com/categorie/vetements-homme?page=118","20 000CFA","Ensembles costume africain","Saint Louis, Sénégal","https://sn.coinafrique.com/annonce/vetements-homme/ensembles-costume-africain-2196287"
"1765132480-167","https://sn.coinafrique.com/categorie/vetements-homme?page=118","13 000CFA","Blouson homme","Dakar, Sénégal","https://sn.coinafrique.com/annonce/vetements-homme/blouson-homme-2196236"
"1765132480-168","https://sn.coinafrique.com/categorie/vetements-homme?page=118","4 000CFA","T-shirt Turk","Rufisque, Sénégal","https://sn.coinafrique.com/annonce/vetements-homme/t-shirt-turk-2195085"
"1765132648-169","https://sn.coinafrique.com/categorie/vetements-homme?page=117","10 000CFA","Complet homme et femme","Dakar-Plateau, Dakar, Sénégal","https://sn.coinafrique.com/annonce/vetements-homme/complet-homme-et-femme-2220179"
"1765132648-170","https://sn.coinafrique.com/categorie/vetements-homme?page=117","Prix sur demande","Ensemble Vêtements","Guediawaye, Dakar, Sénégal","https://sn.coinafrique.com/annonce/vetements-homme/ensemble-vetements-2217972"
"1765132648-171","https://sn.coinafrique.com/categorie/vetements-homme?page=117","Prix sur demande","Ensemble chemises","Guediawaye, Dakar, Sénégal","https://sn.coinafrique.com/annonce/vetements-homme/ensemble-chemises-2217955"
"1765132648-172","https://sn.coinafrique.com/categorie/vetements-homme?page=117","12 000CFA","Ensemble vêtements","Dakar Plateau, Dakar, Sénégal","https://sn.coinafrique.com/annonce/vetements-homme/ensemble-vetements-2217939"
"1765132648-173","https://sn.coinafrique.com/categorie/vetements-homme?page=117","12 000CFA","Ensemble Vêtements","Dakar Plateau, Dakar, Sénégal","https://sn.coinafrique.com/annonce/vetements-homme/ensemble-vetements-2217937"
"1765132648-174","https://sn.coinafrique.com/categorie/vetements-homme?page=117","12 000CFA","Ensemble Vêtements","Dakar Plateau, Dakar, Sénégal","https://sn.coinafrique.com/annonce/vetements-homme/ensemble-vetements-2217935"
"1765132648-175","https://sn.coinafrique.com/categorie/vetements-homme?page=117","8 000CFA","Ensemble Vêtements","Dakar Plateau, Dakar, Sénégal","https://sn.coinafrique.com/annonce/vetements-homme/ensemble-vetements-2217917"
"1765132648-176","https://sn.coinafrique.com/categorie/vetements-homme?page=117","8 000CFA","Ensemble vêtements","Dakar Plateau, Dakar, Sénégal","https://sn.coinafrique.com/annonce/vetements-homme/ensemble-vetements-2217915"
"1765132648-177","https://sn.coinafrique.com/categorie/vetements-homme?page=117","10 000CFA","Ensemble Vêtements","Dakar Plateau, Dakar, Sénégal","https://sn.coinafrique.com/annonce/vetements-homme/ensemble-vetements-2217911"
"1765132648-178","https://sn.coinafrique.com/categorie/vetements-homme?page=117","10 000CFA","Ensemble Vêtements","Dakar Plateau, Dakar, Sénégal","https://sn.coinafrique.com/annonce/vetements-homme/ensemble-vetements-2217907"
"1765132648-179","https://sn.coinafrique.com/categorie/vetements-homme?page=117","10 000CFA","Ensembles Vêtements Hommes","Dakar Plateau, Dakar, Sénégal","https://sn.coinafrique.com/annonce/vetements-homme/ensembles-vetements-hommes-2217905"
"1765132648-180","https://sn.coinafrique.com/categorie/vetements-homme?page=117","10 000CFA","Ensemble Vêtements","Dakar Plateau, Dakar, Sénégal","https://sn.coinafrique.com/annonce/vetements-homme/ensemble-vetements-2217904"
"1765132648-181","https://sn.coinafrique.com/categorie/vetements-homme?page=117","10 000CFA","Ensemble vêetements","Dakar Plateau, Dakar, Sénégal","https://sn.coinafrique.com/annonce/vetements-homme/ensemble-veetements-2217900"
"1765132648-182","https://sn.coinafrique.com/categorie/vetements-homme?page=117","10 500CFA","Ensemble Vêtements","Dakar Plateau, Dakar, Sénégal","https://sn.coinafrique.com/annonce/vetements-homme/ensemble-vetements-2217897"
"1765132648-183","https://sn.coinafrique.com/categorie/vetements-homme?page=117","10 500CFA","Ensemble t-shirt + pantalon","Dakar Plateau, Dakar, Sénégal","https://sn.coinafrique.com/annonce/vetements-homme/ensemble-t-shirt-pantalon-2217894"
"1765132648-184","https://sn.coinafrique.com/categorie/vetements-homme?page=117","10 500CFA","Ensemble t-shirt + pantalon","Dakar Plateau, Dakar, Sénégal","https://sn.coinafrique.com/annonce/vetements-homme/ensemble-t-shirt-pantalon-2217889"
"1765132648-185","https://sn.coinafrique.com/categorie/vetements-homme?page=117","10 500CFA","Ensemble t-shirt + pantalon","Dakar Plateau, Dakar, Sénégal","https://sn.coinafrique.com/annonce/vetements-homme/ensemble-t-shirt-pantalon-2217887"
"1765132648-186","https://sn.coinafrique.com/categorie/vetements-homme?page=117","10 500CFA","Ensemble t-shirt + pantalon","Dakar Plateau, Dakar, Sénégal","https://sn.coinafrique.com/annonce/vetements-homme/ensemble-t-shirt-pantalon-2217885"
"1765132648-187","https://sn.coinafrique.com/categorie/vetements-homme?page=117","13 000CFA","Ensemble t-shirt + pantalon","Dakar Plateau, Dakar, Sénégal","https://sn.coinafrique.com/annonce/vetements-homme/ensemble-t-shirt-pantalon-2217883"
"1765132648-188","https://sn.coinafrique.com/categorie/vetements-homme?page=117","13 000CFA","Ensemble vêtements","Dakar Plateau, Dakar, Sénégal","https://sn.coinafrique.com/annonce/vetements-homme/ensemble-vetements-2217874"
"1765132648-189","https://sn.coinafrique.com/categorie/vetements-homme?page=117","Prix sur demande","Ensemble short et lacoste","Guediawaye, Dakar, Sénégal","https://sn.coinafrique.com/annonce/vetements-homme/ensemble-short-et-lacoste-2217869"
"1765132648-190","https://sn.coinafrique.com/categorie/vetements-homme?page=117","13 000CFA","Ensemble t-shirt + pantalon","Dakar Plateau, Dakar, Sénégal","https://sn.coinafrique.com/annonce/vetements-homme/ensemble-t-shirt-pantalon-2217866"
"1765132648-191","https://sn.coinafrique.com/categorie/vetements-homme?page=117","13 000CFA","Ensemble t-shirt + pantalon","Dakar Plateau, Dakar, Sénégal","https://sn.coinafrique.com/annonce/vetements-homme/ensemble-t-shirt-pantalon-2217864"
"1765132648-192","https://sn.coinafrique.com/categorie/vetements-homme?page=117","Prix sur demande","Ensemble Lacoste","Guediawaye, Dakar, Sénégal","https://sn.coinafrique.com/annonce/vetements-homme/ensemble-lacoste-2217860"
"1765132648-193","https://sn.coinafrique.com/categorie/vetements-homme?page=117","6 500CFA","Pantalon kaki","Dakar Plateau, Dakar, Sénégal","https://sn.coinafrique.com/annonce/vetements-homme/pantalon-kaki-2217822"
"1765132648-194","https://sn.coinafrique.com/categorie/vetements-homme?page=117","6 500CFA","Pantalon Kaki","Dakar Plateau, Dakar, Sénégal","https://sn.coinafrique.com/annonce/vetements-homme/pantalon-kaki-2217818"
"1765132648-195","https://sn.coinafrique.com/categorie/vetements-homme?page=117","6 500CFA","Pantalon kaki","Dakar Plateau, Dakar, Sénégal","https://sn.coinafrique.com/annonce/vetements-homme/pantalon-kaki-2217816"
"1765132648-196","https://sn.coinafrique.com/categorie/vetements-homme?page=117","6 500CFA","Pantalons homme","Dakar Plateau, Dakar, Sénégal","https://sn.coinafrique.com/annonce/vetements-homme/pantalons-homme-2217814"
"1765132648-197","https://sn.coinafrique.com/categorie/vetements-homme?page=117","6 500CFA","Pantalons","Dakar Plateau, Dakar, Sénégal","https://sn.coinafrique.com/annonce/vetements-homme/pantalons-2217810"
"1765132648-198","https://sn.coinafrique.com/categorie/vetements-homme?page=117","6 500CFA","Pantalons","Dakar Plateau, Dakar, Sénégal","https://sn.coinafrique.com/annonce/vetements-homme/pantalons-2217807"
"1765132648-199","https://sn.coinafrique.com/categorie/vetements-homme?page=117","8 500CFA","Ensemble vêtements","Dakar Plateau, Dakar, Sénégal","https://sn.coinafrique.com/annonce/vetements-homme/ensemble-vetements-2217768"
"1765132648-200","https://sn.coinafrique.com/categorie/vetements-homme?page=117","8 500CFA","Ensemble t-shirt et pantalon","Dakar Plateau, Dakar, Sénégal","https://sn.coinafrique.com/annonce/vetements-homme/ensemble-t-shirt-et-pantalon-2217766"
"1765132648-201","https://sn.coinafrique.com/categorie/vetements-homme?page=117","8 500CFA","Ensemble t-shirt et pantalon","Dakar Plateau, Dakar, Sénégal","https://sn.coinafrique.com/annonce/vetements-homme/ensemble-t-shirt-et-pantalon-2217764"
"1765132648-202","https://sn.coinafrique.com/categorie/vetements-homme?page=117","Prix sur demande","Pantalon","Dakar Plateau, Dakar, Sénégal","https://sn.coinafrique.com/annonce/vetements-homme/pantalon-2217763"
"1765132648-203","https://sn.coinafrique.com/categorie/vetements-homme?page=117","Prix sur demande","Pantalon","Dakar Plateau, Dakar, Sénégal","https://sn.coinafrique.com/annonce/vetements-homme/pantalon-2217760"
"1765132648-204","https://sn.coinafrique.com/categorie/vetements-homme?page=117","Prix sur demande","Pantalon","Dakar Plateau, Dakar, Sénégal","https://sn.coinafrique.com/annonce/vetements-homme/pantalon-2217759"
"1765132648-205","https://sn.coinafrique.com/categorie/vetements-homme?page=117","10 000CFA","Ensemble t-shirt + pantalon","Dakar Plateau, Dakar, Sénégal","https://sn.coinafrique.com/annonce/vetements-homme/ensemble-t-shirt-pantalon-2217756"
"1765132648-206","https://sn.coinafrique.com/categorie/vetements-homme?page=117","10 000CFA","Ensemble vêtements","Dakar Plateau, Dakar, Sénégal","https://sn.coinafrique.com/annonce/vetements-homme/ensemble-vetements-2217754"
"1765132648-207","https://sn.coinafrique.com/categorie/vetements-homme?page=117","10 000CFA","Ensemble t-shirt et pantalon","Dakar Plateau, Dakar, Sénégal","https://sn.coinafrique.com/annonce/vetements-homme/ensemble-t-shirt-et-pantalon-2217748"
"1765132648-208","https://sn.coinafrique.com/categorie/vetements-homme?page=117","10 000CFA","Ensemble t-shirt et pantalon","Dakar Plateau, Dakar, Sénégal","https://sn.coinafrique.com/annonce/vetements-homme/ensemble-t-shirt-et-pantalon-2217746"
"1765132648-209","https://sn.coinafrique.com/categorie/vetements-homme?page=117","10 000CFA","Ensemble t-shirt et pantalon","Dakar Plateau, Dakar, Sénégal","https://sn.coinafrique.com/annonce/vetements-homme/ensemble-t-shirt-et-pantalon-2217744"
"1765132648-210","https://sn.coinafrique.com/categorie/vetements-homme?page=117","25 000CFA","Tenues sur mesure","Dakar, Sénégal","https://sn.coinafrique.com/annonce/vetements-homme/tenues-sur-mesure-2216903"
"1765132648-211","https://sn.coinafrique.com/categorie/vetements-homme?page=117","25 000CFA","Tuniques","Dakar, Sénégal","https://sn.coinafrique.com/annonce/vetements-homme/tuniques-2216901"
"1765132648-212","https://sn.coinafrique.com/categorie/vetements-homme?page=117","10 000CFA","Débardeur NBA","Dakar, Sénégal","https://sn.coinafrique.com/annonce/vetements-homme/debardeur-nba-2216748"
"1765132648-213","https://sn.coinafrique.com/categorie/vetements-homme?page=117","20 000CFA","Tuniques","Dakar, Sénégal","https://sn.coinafrique.com/annonce/vetements-homme/tuniques-2216501"
"1765132648-214","https://sn.coinafrique.com/categorie/vetements-homme?page=117","45 000CFA","Tuniques homme 3 pièces","Dakar, Sénégal","https://sn.coinafrique.com/annonce/vetements-homme/tuniques-homme-3-pieces-2216496"
"1765132648-215","https://sn.coinafrique.com/categorie/vetements-homme?page=117","75 000CFA","Costume Umberto Bocci","Yoff, Dakar, Sénégal","https://sn.coinafrique.com/annonce/vetements-homme/costume-umberto-bocci-2215151"
"1765132648-216","https://sn.coinafrique.com/categorie/vetements-homme?page=117","27 000CFA","Tenue africaine","Ouakam, Dakar, Sénégal","https://sn.coinafrique.com/annonce/vetements-homme/tenue-africaine-2214900"
"1765132648-217","https://sn.coinafrique.com/categorie/vetements-homme?page=117","22 000CFA","Tenue africaine","Ouakam, Dakar, Sénégal","https://sn.coinafrique.com/annonce/vetements-homme/tenue-africaine-2214851"
"1765132648-218","https://sn.coinafrique.com/categorie/vetements-homme?page=117","10 000CFA","Lacoste de qualité","Dakar, Sénégal","https://sn.coinafrique.com/annonce/vetements-homme/lacoste-de-qualite-2214810"
"1765132648-219","https://sn.coinafrique.com/categorie/vetements-homme?page=117","10 000CFA","Polo Lacoste","Dakar, Sénégal","https://sn.coinafrique.com/annonce/vetements-homme/polo-lacoste-2214806"
"1765132648-220","https://sn.coinafrique.com/categorie/vetements-homme?page=117","10 000CFA","Polo Lacoste","Dakar, Sénégal","https://sn.coinafrique.com/annonce/vetements-homme/polo-lacoste-2214803"
"1765132648-221","https://sn.coinafrique.com/categorie/vetements-homme?page=117","Prix sur demande","Pantalon kaki","HLM, Dakar, Sénégal","https://sn.coinafrique.com/annonce/vetements-homme/pantalon-kaki-2214246"
"1765132648-222","https://sn.coinafrique.com/categorie/vetements-homme?page=117","Prix sur demande","T-shirt Lacoste","HLM, Dakar, Sénégal","https://sn.coinafrique.com/annonce/vetements-homme/t-shirt-lacoste-2213992"
"1765132648-223","https://sn.coinafrique.com/categorie/vetements-homme?page=117","10 000CFA","T-shirt Lacoste","Dakar, Sénégal","https://sn.coinafrique.com/annonce/vetements-homme/t-shirt-lacoste-2213389"
"1765132648-224","https://sn.coinafrique.com/categorie/vetements-homme?page=117","10 000CFA","T-shirt Lacoste","Dakar, Sénégal","https://sn.coinafrique.com/annonce/vetements-homme/t-shirt-lacoste-2213375"
"1765132648-225","https://sn.coinafrique.com/categorie/vetements-homme?page=117","10 000CFA","Polo Lacoste","Dakar, Sénégal","https://sn.coinafrique.com/annonce/vetements-homme/polo-lacoste-2213367"
"1765132648-226","https://sn.coinafrique.com/categorie/vetements-homme?page=117","10 000CFA","Polo Lacoste","Dakar, Sénégal","https://sn.coinafrique.com/annonce/vetements-homme/polo-lacoste-2213361"
"1765132648-227","https://sn.coinafrique.com/categorie/vetements-homme?page=117","Prix sur demande","Ensemble homme","Parcelle Assainies, Dakar, Sénégal","https://sn.coinafrique.com/annonce/vetements-homme/ensemble-homme-2212030"
"1765132648-228","https://sn.coinafrique.com/categorie/vetements-homme?page=117","Prix sur demande","Ensemble","Parcelle Assainies, Dakar, Sénégal","https://sn.coinafrique.com/annonce/vetements-homme/ensemble-2212026"
"1765132648-229","https://sn.coinafrique.com/categorie/vetements-homme?page=117","12 000CFA","Ensemble vêtements homme","Dakar Plateau, Dakar, Sénégal","https://sn.coinafrique.com/annonce/vetements-homme/ensemble-vetements-homme-2211624"
"1765132648-230","https://sn.coinafrique.com/categorie/vetements-homme?page=117","12 000CFA","Ensemble homme","Dakar Plateau, Dakar, Sénégal","https://sn.coinafrique.com/annonce/vetements-homme/ensemble-homme-2211620"
"1765132648-231","https://sn.coinafrique.com/categorie/vetements-homme?page=117","12 000CFA","Ensemble vêtements homme","Dakar Plateau, Dakar, Sénégal","https://sn.coinafrique.com/annonce/vetements-homme/ensemble-vetements-homme-2211619"
"1765132648-232","https://sn.coinafrique.com/categorie/vetements-homme?page=117","12 000CFA","Ensemble homme","Dakar Plateau, Dakar, Sénégal","https://sn.coinafrique.com/annonce/vetements-homme/ensemble-homme-2211618"
"1765132648-233","https://sn.coinafrique.com/categorie/vetements-homme?page=117","6 500CFA","Débardeur homme","Dakar, Sénégal","https://sn.coinafrique.com/annonce/vetements-homme/debardeur-homme-2211265"
"1765132648-234","https://sn.coinafrique.com/categorie/vetements-homme?page=117","6 500CFA","Débardeur basket","Dakar, Sénégal","https://sn.coinafrique.com/annonce/vetements-homme/debardeur-basket-2211259"
"1765132648-235","https://sn.coinafrique.com/categorie/vetements-homme?page=117","6 000CFA","Vêtements  homme","Geule Tapée, Dakar, Sénégal","https://sn.coinafrique.com/annonce/vetements-homme/vetements-homme-2210699"
"1765132648-236","https://sn.coinafrique.com/categorie/vetements-homme?page=117","6 000CFA","Vêtements  homme","Geule Tapée, Dakar, Sénégal","https://sn.coinafrique.com/annonce/vetements-homme/vetements-homme-2210689"
"1765132648-237","https://sn.coinafrique.com/categorie/vetements-homme?page=117","9 900CFA","Pack 4 polos","Biscuiterie, Dakar, Sénégal","https://sn.coinafrique.com/annonce/vetements-homme/pack-4-polos-2210336"
"1765132648-238","https://sn.coinafrique.com/categorie/vetements-homme?page=117","Prix sur demande","T-shirt","Sicap Liberté, Dakar, Sénégal","https://sn.coinafrique.com/annonce/vetements-homme/t-shirt-2209857"
"1765132648-239","https://sn.coinafrique.com/categorie/vetements-homme?page=117","Prix sur demande","T-shirt","Sicap Liberté, Dakar, Sénégal","https://sn.coinafrique.com/annonce/vetements-homme/t-shirt-2209853"
"1765132648-240","https://sn.coinafrique.com/categorie/vetements-homme?page=117","Prix sur demande","T-shirt","Sicap Liberté, Dakar, Sénégal","https://sn.coinafrique.com/annonce/vetements-homme/t-shirt-2209840"
"1765132648-241","https://sn.coinafrique.com/categorie/vetements-homme?page=117","Prix sur demande","T-shirt","Sicap Liberté, Dakar, Sénégal","https://sn.coinafrique.com/annonce/vetements-homme/t-shirt-2209798"
"1765132648-242","https://sn.coinafrique.com/categorie/vetements-homme?page=117","6 000CFA","Pantalons coton","Guediawaye, Dakar, Sénégal","https://sn.coinafrique.com/annonce/vetements-homme/pantalons-coton-2209222"
"1765132648-243","https://sn.coinafrique.com/categorie/vetements-homme?page=117","9 000CFA","Tee-shirt","Dakar, Sénégal","https://sn.coinafrique.com/annonce/vetements-homme/tee-shirt-2208797"
"1765132648-244","https://sn.coinafrique.com/categorie/vetements-homme?page=117","13 000CFA","Ensemble homme","Dakar, Sénégal","https://sn.coinafrique.com/annonce/vetements-homme/ensemble-homme-2208788"
"1765132648-245","https://sn.coinafrique.com/categorie/vetements-homme?page=117","26 000CFA","T-Shirt","Yoff, Dakar, Sénégal","https://sn.coinafrique.com/annonce/vetements-homme/t-shirt-2206460"
"1765132648-246","https://sn.coinafrique.com/categorie/vetements-homme?page=117","6 500CFA","Pantalons","Dakar Plateau, Dakar, Sénégal","https://sn.coinafrique.com/annonce/vetements-homme/pantalons-2206049"
"1765132648-247","https://sn.coinafrique.com/categorie/vetements-homme?page=117","6 500CFA","Pantalons","Dakar Plateau, Dakar, Sénégal","https://sn.coinafrique.com/annonce/vetements-homme/pantalons-2206045"
"1765132648-248","https://sn.coinafrique.com/categorie/vetements-homme?page=117","6 500CFA","Pantalons","Dakar Plateau, Dakar, Sénégal","https://sn.coinafrique.com/annonce/vetements-homme/pantalons-2206043"
"1765132648-249","https://sn.coinafrique.com/categorie/vetements-homme?page=117","12 000CFA","Ensemble","Dakar Plateau, Dakar, Sénégal","https://sn.coinafrique.com/annonce/vetements-homme/ensemble-2206039"
"1765132648-250","https://sn.coinafrique.com/categorie/vetements-homme?page=117","12 000CFA","Ensemble","Dakar Plateau, Dakar, Sénégal","https://sn.coinafrique.com/annonce/vetements-homme/ensemble-2206034"
"1765132648-251","https://sn.coinafrique.com/categorie/vetements-homme?page=117","12 000CFA","Ensemble vêtements homme","Dakar Plateau, Dakar, Sénégal","https://sn.coinafrique.com/annonce/vetements-homme/ensemble-vetements-homme-2206033"
"1765132648-252","https://sn.coinafrique.com/categorie/vetements-homme?page=117","12 000CFA","Ensemble","Dakar Plateau, Dakar, Sénégal","https://sn.coinafrique.com/annonce/vetements-homme/ensemble-2206025"
"1765132806-253","https://sn.coinafrique.com/categorie/vetements-homme?page=116","6 500CFA","Pantalon Kaki","Dakar Plateau, Dakar, Sénégal","https://sn.coinafrique.com/annonce/vetements-homme/pantalon-kaki-2230212"
"1765132806-254","https://sn.coinafrique.com/categorie/vetements-homme?page=116","6 500CFA","Pantalon Kaki","Dakar Plateau, Dakar, Sénégal","https://sn.coinafrique.com/annonce/vetements-homme/pantalon-kaki-2230208"
"1765132806-255","https://sn.coinafrique.com/categorie/vetements-homme?page=116","6 500CFA","Kaki","Dakar Plateau, Dakar, Sénégal","https://sn.coinafrique.com/annonce/vetements-homme/kaki-2230205"
"1765132806-256","https://sn.coinafrique.com/categorie/vetements-homme?page=116","6 500CFA","Pantalon Kaki","Dakar Plateau, Dakar, Sénégal","https://sn.coinafrique.com/annonce/vetements-homme/pantalon-kaki-2230202"
"1765132806-257","https://sn.coinafrique.com/categorie/vetements-homme?page=116","12 000CFA","Ensemble t-shirt + pantalon","Dakar Plateau, Dakar, Sénégal","https://sn.coinafrique.com/annonce/vetements-homme/ensemble-t-shirt-pantalon-2230131"
"1765132806-258","https://sn.coinafrique.com/categorie/vetements-homme?page=116","12 000CFA","Ensemble t-shirt + pantalon","Dakar Plateau, Dakar, Sénégal","https://sn.coinafrique.com/annonce/vetements-homme/ensemble-t-shirt-pantalon-2230128"
"1765132806-259","https://sn.coinafrique.com/categorie/vetements-homme?page=116","12 000CFA","Ensemble t-shirt + pantalon","Dakar Plateau, Dakar, Sénégal","https://sn.coinafrique.com/annonce/vetements-homme/ensemble-t-shirt-pantalon-2230108"
"1765132806-260","https://sn.coinafrique.com/categorie/vetements-homme?page=116","12 000CFA","Ensemble homme","Dakar Plateau, Dakar, Sénégal","https://sn.coinafrique.com/annonce/vetements-homme/ensemble-homme-2230105"
"1765132806-261","https://sn.coinafrique.com/categorie/vetements-homme?page=116","12 000CFA","Ensemble homme","Dakar Plateau, Dakar, Sénégal","https://sn.coinafrique.com/annonce/vetements-homme/ensemble-homme-2230103"
"1765132806-262","https://sn.coinafrique.com/categorie/vetements-homme?page=116","15 000CFA","Ensembles Pantalons","Grand Dakar, Dakar, Sénégal","https://sn.coinafrique.com/annonce/vetements-homme/ensembles-pantalons-2229924"
"1765132806-263","https://sn.coinafrique.com/categorie/vetements-homme?page=116","12 000CFA","Ensemble short","Grand Dakar, Dakar, Sénégal","https://sn.coinafrique.com/annonce/vetements-homme/ensemble-short-2229915"
"1765132806-264","https://sn.coinafrique.com/categorie/vetements-homme?page=116","15 000CFA","Ensembles Shorts","Grand Dakar, Dakar, Sénégal","https://sn.coinafrique.com/annonce/vetements-homme/ensembles-shorts-2229910"
"1765132806-265","https://sn.coinafrique.com/categorie/vetements-homme?page=116","10 000CFA","Ensemble pantalons","Grand Dakar, Dakar, Sénégal","https://sn.coinafrique.com/annonce/vetements-homme/ensemble-pantalons-2229906"
"1765132806-266","https://sn.coinafrique.com/categorie/vetements-homme?page=116","14 000CFA","Ensemble vêtements homme 100% coton","Dakar Plateau, Dakar, Sénégal","https://sn.coinafrique.com/annonce/vetements-homme/ensemble-vetements-homme-100-coton-2229540"
"1765132806-267","https://sn.coinafrique.com/categorie/vetements-homme?page=116","Prix sur demande","Tee-shirt coton","HLM, Dakar, Sénégal","https://sn.coinafrique.com/annonce/vetements-homme/tee-shirt-coton-2229533"
"1765132806-268","https://sn.coinafrique.com/categorie/vetements-homme?page=116","12 000CFA","Ensemble homme","Dakar, Sénégal","https://sn.coinafrique.com/annonce/vetements-homme/ensemble-homme-2229436"
"1765132806-269","https://sn.coinafrique.com/categorie/vetements-homme?page=116","5 000CFA","T-shirts","Dieuppeul-Derklé, Dakar, Sénégal","https://sn.coinafrique.com/annonce/vetements-homme/t-shirts-2229129"
"1765132806-270","https://sn.coinafrique.com/categorie/vetements-homme?page=116","10 000CFA","Chemise homme","Dakar, Sénégal","https://sn.coinafrique.com/annonce/vetements-homme/chemise-homme-2228664"
"1765132806-271","https://sn.coinafrique.com/categorie/vetements-homme?page=116","6 000CFA","T-shirt","Parcelle Assainies, Dakar, Sénégal","https://sn.coinafrique.com/annonce/vetements-homme/t-shirt-2228570"
"1765132806-272","https://sn.coinafrique.com/categorie/vetements-homme?page=116","6 000CFA","T-shirt été","Parcelle Assainies, Dakar, Sénégal","https://sn.coinafrique.com/annonce/vetements-homme/t-shirt-ete-2228556"
"1765132806-273","https://sn.coinafrique.com/categorie/vetements-homme?page=116","6 000CFA","T-shirt été","Parcelle Assainies, Dakar, Sénégal","https://sn.coinafrique.com/annonce/vetements-homme/t-shirt-ete-2228540"
"1765132806-274","https://sn.coinafrique.com/categorie/vetements-homme?page=116","6 000CFA","T-shirts homme","Parcelle Assainies, Dakar, Sénégal","https://sn.coinafrique.com/annonce/vetements-homme/t-shirts-homme-2228531"
"1765132806-275","https://sn.coinafrique.com/categorie/vetements-homme?page=116","6 000CFA","T-shirts homme","Parcelle Assainies, Dakar, Sénégal","https://sn.coinafrique.com/annonce/vetements-homme/t-shirts-homme-2228522"
"1765132806-276","https://sn.coinafrique.com/categorie/vetements-homme?page=116","6 000CFA","T-shirt été","Parcelle Assainies, Dakar, Sénégal","https://sn.coinafrique.com/annonce/vetements-homme/t-shirt-ete-2228511"
"1765132806-277","https://sn.coinafrique.com/categorie/vetements-homme?page=116","6 000CFA","T-shirt été","Parcelle Assainies, Dakar, Sénégal","https://sn.coinafrique.com/annonce/vetements-homme/t-shirt-ete-2228498"
"1765132806-278","https://sn.coinafrique.com/categorie/vetements-homme?page=116","6 000CFA","T-shirt été","Parcelle Assainies, Dakar, Sénégal","https://sn.coinafrique.com/annonce/vetements-homme/t-shirt-ete-2228496"
"1765132806-279","https://sn.coinafrique.com/categorie/vetements-homme?page=116","6 000CFA","T-shirt été","Parcelle Assainies, Dakar, Sénégal","https://sn.coinafrique.com/annonce/vetements-homme/t-shirt-ete-2228484"
"1765132806-280","https://sn.coinafrique.com/categorie/vetements-homme?page=116","10 000CFA","Pantalon homme","Parcelle Assainies, Dakar, Sénégal","https://sn.coinafrique.com/annonce/vetements-homme/pantalon-homme-2228461"
"1765132806-281","https://sn.coinafrique.com/categorie/vetements-homme?page=116","10 000CFA","Pantalons chics","Parcelle Assainies, Dakar, Sénégal","https://sn.coinafrique.com/annonce/vetements-homme/pantalons-chics-2228452"
"1765132806-282","https://sn.coinafrique.com/categorie/vetements-homme?page=116","10 000CFA","Pantalon homme","Parcelle Assainies, Dakar, Sénégal","https://sn.coinafrique.com/annonce/vetements-homme/pantalon-homme-2228442"
"1765132806-283","https://sn.coinafrique.com/categorie/vetements-homme?page=116","10 000CFA","Pantalon homme","Parcelle Assainies, Dakar, Sénégal","https://sn.coinafrique.com/annonce/vetements-homme/pantalon-homme-2228430"
"1765132806-284","https://sn.coinafrique.com/categorie/vetements-homme?page=116","10 000CFA","Pantalon homme","Parcelle Assainies, Dakar, Sénégal","https://sn.coinafrique.com/annonce/vetements-homme/pantalon-homme-2228415"
"1765132806-285","https://sn.coinafrique.com/categorie/vetements-homme?page=116","10 000CFA","Pantalon homme","Parcelle Assainies, Dakar, Sénégal","https://sn.coinafrique.com/annonce/vetements-homme/pantalon-homme-2228406"
"1765132806-286","https://sn.coinafrique.com/categorie/vetements-homme?page=116","10 000CFA","Pantalon homme","Parcelle Assainies, Dakar, Sénégal","https://sn.coinafrique.com/annonce/vetements-homme/pantalon-homme-2228401"
"1765132806-287","https://sn.coinafrique.com/categorie/vetements-homme?page=116","10 000CFA","Pantalon homme","Parcelle Assainies, Dakar, Sénégal","https://sn.coinafrique.com/annonce/vetements-homme/pantalon-homme-2228395"
"1765132806-288","https://sn.coinafrique.com/categorie/vetements-homme?page=116","10 000CFA","Pantalon chic","Parcelle Assainies, Dakar, Sénégal","https://sn.coinafrique.com/annonce/vetements-homme/pantalon-chic-2228386"
"1765132806-289","https://sn.coinafrique.com/categorie/vetements-homme?page=116","10 000CFA","Pantalon homme","Parcelle Assainies, Dakar, Sénégal","https://sn.coinafrique.com/annonce/vetements-homme/pantalon-homme-2228377"
"1765132806-290","https://sn.coinafrique.com/categorie/vetements-homme?page=116","20 000CFA","Chemise homme","Parcelle Assainies, Dakar, Sénégal","https://sn.coinafrique.com/annonce/vetements-homme/chemise-homme-2228360"
"1765132806-291","https://sn.coinafrique.com/categorie/vetements-homme?page=116","20 000CFA","Chemise Giant","Parcelle Assainies, Dakar, Sénégal","https://sn.coinafrique.com/annonce/vetements-homme/chemise-giant-2228354"
"1765132806-292","https://sn.coinafrique.com/categorie/vetements-homme?page=116","20 000CFA","Chemise Giant","Parcelle Assainies, Dakar, Sénégal","https://sn.coinafrique.com/annonce/vetements-homme/chemise-giant-2228345"
"1765132806-293","https://sn.coinafrique.com/categorie/vetements-homme?page=116","20 000CFA","Chemise homme","Parcelle Assainies, Dakar, Sénégal","https://sn.coinafrique.com/annonce/vetements-homme/chemise-homme-2228339"
"1765132806-294","https://sn.coinafrique.com/categorie/vetements-homme?page=116","20 000CFA","Chemise classe Giant","Parcelle Assainies, Dakar, Sénégal","https://sn.coinafrique.com/annonce/vetements-homme/chemise-classe-giant-2228332"
"1765132806-295","https://sn.coinafrique.com/categorie/vetements-homme?page=116","20 000CFA","Chemise homme","Parcelle Assainies, Dakar, Sénégal","https://sn.coinafrique.com/annonce/vetements-homme/chemise-homme-2228323"
"1765132806-296","https://sn.coinafrique.com/categorie/vetements-homme?page=116","20 000CFA","chemise Giant","Parcelle Assainies, Dakar, Sénégal","https://sn.coinafrique.com/annonce/vetements-homme/chemise-giant-2228320"
"1765132806-297","https://sn.coinafrique.com/categorie/vetements-homme?page=116","20 000CFA","Chemise homme","Parcelle Assainies, Dakar, Sénégal","https://sn.coinafrique.com/annonce/vetements-homme/chemise-homme-2228312"
"1765132806-298","https://sn.coinafrique.com/categorie/vetements-homme?page=116","20 000CFA","Chemise Giant","Parcelle Assainies, Dakar, Sénégal","https://sn.coinafrique.com/annonce/vetements-homme/chemise-giant-2228303"
"1765132806-299","https://sn.coinafrique.com/categorie/vetements-homme?page=116","15 000CFA","Vêtements homme","Grand Dakar, Dakar, Sénégal","https://sn.coinafrique.com/annonce/vetements-homme/vetements-homme-2227187"
"1765132806-300","https://sn.coinafrique.com/categorie/vetements-homme?page=116","10 000CFA","Polo Lacoste","Dakar, Sénégal","https://sn.coinafrique.com/annonce/vetements-homme/polo-lacoste-2226154"
"1765132806-301","https://sn.coinafrique.com/categorie/vetements-homme?page=116","25 000CFA","Blouson homme","Dakar, Sénégal","https://sn.coinafrique.com/annonce/vetements-homme/blouson-homme-2226105"
"1765132806-302","https://sn.coinafrique.com/categorie/vetements-homme?page=116","25 000CFA","Blouson","Dakar, Sénégal","https://sn.coinafrique.com/annonce/vetements-homme/blouson-2226097"
"1765132806-303","https://sn.coinafrique.com/categorie/vetements-homme?page=116","16 000CFA","Ensemble homme","Dakar, Sénégal","https://sn.coinafrique.com/annonce/vetements-homme/ensemble-homme-2225494"
"1765132806-304","https://sn.coinafrique.com/categorie/vetements-homme?page=116","5 000CFA","T-shirt par unité","Dakar, Sénégal","https://sn.coinafrique.com/annonce/vetements-homme/t-shirt-par-unite-2225230"
"1765132806-305","https://sn.coinafrique.com/categorie/vetements-homme?page=116","14 000CFA","Ensemble kaki","Guediawaye, Dakar, Sénégal","https://sn.coinafrique.com/annonce/vetements-homme/ensemble-kaki-2224036"
"1765132806-306","https://sn.coinafrique.com/categorie/vetements-homme?page=116","5 000CFA","Tee-shirts Zara","Dakar, Sénégal","https://sn.coinafrique.com/annonce/vetements-homme/tee-shirts-zara-2224024"
"1765132806-307","https://sn.coinafrique.com/categorie/vetements-homme?page=116","5 000CFA","Tee-shirt - Chemise","Dakar, Sénégal","https://sn.coinafrique.com/annonce/vetements-homme/tee-shirt-chemise-2224004"
"1765132806-308","https://sn.coinafrique.com/categorie/vetements-homme?page=116","10 000CFA","Ensemble vêtements","Dakar Plateau, Dakar, Sénégal","https://sn.coinafrique.com/annonce/vetements-homme/ensemble-vetements-2223995"
"1765132806-309","https://sn.coinafrique.com/categorie/vetements-homme?page=116","10 000CFA","Ensemble homme","Dakar Plateau, Dakar, Sénégal","https://sn.coinafrique.com/annonce/vetements-homme/ensemble-homme-2223993"
"1765132806-310","https://sn.coinafrique.com/categorie/vetements-homme?page=116","10 000CFA","Ensemble vêtements","Dakar Plateau, Dakar, Sénégal","https://sn.coinafrique.com/annonce/vetements-homme/ensemble-vetements-2223991"
"1765132806-311","https://sn.coinafrique.com/categorie/vetements-homme?page=116","10 000CFA","Ensemble t-shirt et pantalon","Dakar Plateau, Dakar, Sénégal","https://sn.coinafrique.com/annonce/vetements-homme/ensemble-t-shirt-et-pantalon-2223989"
"1765132806-312","https://sn.coinafrique.com/categorie/vetements-homme?page=116","12 000CFA","Ensemble vêtements","Dakar Plateau, Dakar, Sénégal","https://sn.coinafrique.com/annonce/vetements-homme/ensemble-vetements-2223987"
"1765132806-313","https://sn.coinafrique.com/categorie/vetements-homme?page=116","12 000CFA","Ensemble homme","Dakar Plateau, Dakar, Sénégal","https://sn.coinafrique.com/annonce/vetements-homme/ensemble-homme-2223984"
"1765132806-314","https://sn.coinafrique.com/categorie/vetements-homme?page=116","12 000CFA","Ensemble vêtements","Dakar Plateau, Dakar, Sénégal","https://sn.coinafrique.com/annonce/vetements-homme/ensemble-vetements-2223980"
"1765132806-315","https://sn.coinafrique.com/categorie/vetements-homme?page=116","12 000CFA","Ensemble homme","Dakar Plateau, Dakar, Sénégal","https://sn.coinafrique.com/annonce/vetements-homme/ensemble-homme-2223977"
"1765132806-316","https://sn.coinafrique.com/categorie/vetements-homme?page=116","12 000CFA","Ensemble vêtements","Dakar Plateau, Dakar, Sénégal","https://sn.coinafrique.com/annonce/vetements-homme/ensemble-vetements-2223975"
"1765132806-317","https://sn.coinafrique.com/categorie/vetements-homme?page=116","12 000CFA","Ensemble vêtements","Dakar Plateau, Dakar, Sénégal","https://sn.coinafrique.com/annonce/vetements-homme/ensemble-vetements-2223970"
"1765132806-318","https://sn.coinafrique.com/categorie/vetements-homme?page=116","15 000CFA","Ensemble pantalon - casquette","Grand Dakar, Dakar, Sénégal","https://sn.coinafrique.com/annonce/vetements-homme/ensemble-pantalon-casquette-2223634"
"1765132806-319","https://sn.coinafrique.com/categorie/vetements-homme?page=116","12 000CFA","Ensemble pantalon","Grand Dakar, Dakar, Sénégal","https://sn.coinafrique.com/annonce/vetements-homme/ensemble-pantalon-2223620"
"1765132806-320","https://sn.coinafrique.com/categorie/vetements-homme?page=116","12 000CFA","Ensembles shirt short casquette","Dakar, Sénégal","https://sn.coinafrique.com/annonce/vetements-homme/ensembles-shirt-short-casquette-2223362"
"1765132806-321","https://sn.coinafrique.com/categorie/vetements-homme?page=116","5 000CFA","Tee-shirt Extrême Création","Dakar, Sénégal","https://sn.coinafrique.com/annonce/vetements-homme/tee-shirt-extreme-creation-2223353"
"1765132806-322","https://sn.coinafrique.com/categorie/vetements-homme?page=116","5 000CFA","Tee-shirt par unité","Dakar, Sénégal","https://sn.coinafrique.com/annonce/vetements-homme/tee-shirt-par-unite-2223349"
"1765132806-323","https://sn.coinafrique.com/categorie/vetements-homme?page=116","5 000CFA","T-shirt","Dakar, Sénégal","https://sn.coinafrique.com/annonce/vetements-homme/t-shirt-2223346"
"1765132806-324","https://sn.coinafrique.com/categorie/vetements-homme?page=116","5 000CFA","T-shirt par unité","Dakar, Sénégal","https://sn.coinafrique.com/annonce/vetements-homme/t-shirt-par-unite-2223340"
"1765132806-325","https://sn.coinafrique.com/categorie/vetements-homme?page=116","5 000CFA","T-shirts","Dakar, Sénégal","https://sn.coinafrique.com/annonce/vetements-homme/t-shirts-2223335"
"1765132806-326","https://sn.coinafrique.com/categorie/vetements-homme?page=116","8 000CFA","Pantalons","Dakar, Sénégal","https://sn.coinafrique.com/annonce/vetements-homme/pantalons-2223221"
"1765132806-327","https://sn.coinafrique.com/categorie/vetements-homme?page=116","5 000CFA","Jogging 2 pièces","Yoff, Dakar, Sénégal","https://sn.coinafrique.com/annonce/vetements-homme/jogging-2-pieces-2223115"
"1765132806-328","https://sn.coinafrique.com/categorie/vetements-homme?page=116","10 000CFA","Lacoste","Dakar, Sénégal","https://sn.coinafrique.com/annonce/vetements-homme/lacoste-2221948"
"1765132806-329","https://sn.coinafrique.com/categorie/vetements-homme?page=116","10 000CFA","Lacoste de qualité","Dakar, Sénégal","https://sn.coinafrique.com/annonce/vetements-homme/lacoste-de-qualite-2221938"
"1765132806-330","https://sn.coinafrique.com/categorie/vetements-homme?page=116","10 000CFA","Lacoste de qualité","Dakar, Sénégal","https://sn.coinafrique.com/annonce/vetements-homme/lacoste-de-qualite-2221927"
"1765132806-331","https://sn.coinafrique.com/categorie/vetements-homme?page=116","10 000CFA","Lacoste de qualité","Dakar, Sénégal","https://sn.coinafrique.com/annonce/vetements-homme/lacoste-de-qualite-2221924"
"1765132806-332","https://sn.coinafrique.com/categorie/vetements-homme?page=116","10 000CFA","Chemise homme","Dakar, Sénégal","https://sn.coinafrique.com/annonce/vetements-homme/chemise-homme-2220754"
"1765132806-333","https://sn.coinafrique.com/categorie/vetements-homme?page=116","10 000CFA","Chemise homme","Dakar, Sénégal","https://sn.coinafrique.com/annonce/vetements-homme/chemise-homme-2220711"
"1765132806-334","https://sn.coinafrique.com/categorie/vetements-homme?page=116","10 000CFA","Complet homme et femme","Dakar-Plateau, Dakar, Sénégal","https://sn.coinafrique.com/annonce/vetements-homme/complet-homme-et-femme-2220193"
"1765132806-335","https://sn.coinafrique.com/categorie/vetements-homme?page=116","10 000CFA","T-shirts","Dakar-Plateau, Dakar, Sénégal","https://sn.coinafrique.com/annonce/vetements-homme/t-shirts-2220190"
"1765132806-336","https://sn.coinafrique.com/categorie/vetements-homme?page=116","10 000CFA","Complet homme et femme","Dakar-Plateau, Dakar, Sénégal","https://sn.coinafrique.com/annonce/vetements-homme/complet-homme-et-femme-2220187"
"1765132990-337","https://sn.coinafrique.com/categorie/vetements-homme?page=115","10 000CFA","T-shirts Lacoste","Dakar, Sénégal","https://sn.coinafrique.com/annonce/vetements-homme/t-shirts-lacoste-2244052"
"1765132990-338","https://sn.coinafrique.com/categorie/vetements-homme?page=115","Prix sur demande","Habits","Dakar-Plateau, Dakar, Sénégal","https://sn.coinafrique.com/annonce/vetements-homme/habits-2243956"
"1765132990-339","https://sn.coinafrique.com/categorie/vetements-homme?page=115","10 000CFA","Habits homme","Dakar-Plateau, Dakar, Sénégal","https://sn.coinafrique.com/annonce/vetements-homme/habits-homme-2243955"
"1765132990-340","https://sn.coinafrique.com/categorie/vetements-homme?page=115","2 000CFA","T-shirt SM","Keur Massar, Sénégal","https://sn.coinafrique.com/annonce/vetements-homme/t-shirt-sm-2243552"
"1765132990-341","https://sn.coinafrique.com/categorie/vetements-homme?page=115","Prix sur demande","T-shirt EI","Sicap Liberté, Dakar, Sénégal","https://sn.coinafrique.com/annonce/vetements-homme/t-shirt-ei-2243113"
"1765132990-342","https://sn.coinafrique.com/categorie/vetements-homme?page=115","Prix sur demande","T-shirt EL","Sicap Liberté, Dakar, Sénégal","https://sn.coinafrique.com/annonce/vetements-homme/t-shirt-el-2243111"
"1765132990-343","https://sn.coinafrique.com/categorie/vetements-homme?page=115","Prix sur demande","T-shirt EI","Sicap Liberté, Dakar, Sénégal","https://sn.coinafrique.com/annonce/vetements-homme/t-shirt-ei-2243107"
"1765132990-344","https://sn.coinafrique.com/categorie/vetements-homme?page=115","Prix sur demande","T-shirt El","Sicap Liberté, Dakar, Sénégal","https://sn.coinafrique.com/annonce/vetements-homme/t-shirt-el-2243104"
"1765132990-345","https://sn.coinafrique.com/categorie/vetements-homme?page=115","Prix sur demande","T-shirt EI","Sicap Liberté, Dakar, Sénégal","https://sn.coinafrique.com/annonce/vetements-homme/t-shirt-ei-2243101"
"1765132990-346","https://sn.coinafrique.com/categorie/vetements-homme?page=115","Prix sur demande","T-shirt EI","Sicap Liberté, Dakar, Sénégal","https://sn.coinafrique.com/annonce/vetements-homme/t-shirt-ei-2243099"
"1765132990-347","https://sn.coinafrique.com/categorie/vetements-homme?page=115","Prix sur demande","T-shirt","Sicap Liberté, Dakar, Sénégal","https://sn.coinafrique.com/annonce/vetements-homme/t-shirt-2243096"
"1765132990-348","https://sn.coinafrique.com/categorie/vetements-homme?page=115","Prix sur demande","T-shirt EI","Sicap Liberté, Dakar, Sénégal","https://sn.coinafrique.com/annonce/vetements-homme/t-shirt-ei-2243090"
"1765132990-349","https://sn.coinafrique.com/categorie/vetements-homme?page=115","Prix sur demande","T-shirt EI","Sicap Liberté, Dakar, Sénégal","https://sn.coinafrique.com/annonce/vetements-homme/t-shirt-ei-2243086"
"1765132990-350","https://sn.coinafrique.com/categorie/vetements-homme?page=115","8 000CFA","Djellaba","Hann Bel-Air, Dakar, Sénégal","https://sn.coinafrique.com/annonce/vetements-homme/djellaba-2243005"
"1765132990-351","https://sn.coinafrique.com/categorie/vetements-homme?page=115","Prix sur demande","Ensemble homme","Dakar, Sénégal","https://sn.coinafrique.com/annonce/vetements-homme/ensemble-homme-2242985"
"1765132990-352","https://sn.coinafrique.com/categorie/vetements-homme?page=115","Prix sur demande","Ensemble  complet","Dakar, Sénégal","https://sn.coinafrique.com/annonce/vetements-homme/ensemble-complet-2242972"
"1765132990-353","https://sn.coinafrique.com/categorie/vetements-homme?page=115","Prix sur demande","Culottes 100% coton","Dakar, Sénégal","https://sn.coinafrique.com/annonce/vetements-homme/culottes-100-coton-2242962"
"1765132990-354","https://sn.coinafrique.com/categorie/vetements-homme?page=115","5 000CFA","Polo Lacoste","Cambérène, Dakar, Sénégal","https://sn.coinafrique.com/annonce/vetements-homme/polo-lacoste-2242634"
"1765132990-355","https://sn.coinafrique.com/categorie/vetements-homme?page=115","5 000CFA","Chemise","Cambérène, Dakar, Sénégal","https://sn.coinafrique.com/annonce/vetements-homme/chemise-2242629"
"1765132990-356","https://sn.coinafrique.com/categorie/vetements-homme?page=115","25 000CFA","Blouson homme","Dakar, Sénégal","https://sn.coinafrique.com/annonce/vetements-homme/blouson-homme-2242022"
"1765132990-357","https://sn.coinafrique.com/categorie/vetements-homme?page=115","10 000CFA","Lacoste homme","Dakar, Sénégal","https://sn.coinafrique.com/annonce/vetements-homme/lacoste-homme-2242019"
"1765132990-358","https://sn.coinafrique.com/categorie/vetements-homme?page=115","12 000CFA","Pantalons jogger","Dakar, Sénégal","https://sn.coinafrique.com/annonce/vetements-homme/pantalons-jogger-2242015"
"1765132990-359","https://sn.coinafrique.com/categorie/vetements-homme?page=115","15 000CFA","Maillot blouson homme","Dakar, Sénégal","https://sn.coinafrique.com/annonce/vetements-homme/maillot-blouson-homme-2242013"
"1765132990-360","https://sn.coinafrique.com/categorie/vetements-homme?page=115","Prix sur demande","Ensemble homme","Dieuppeul-Derklé, Dakar, Sénégal","https://sn.coinafrique.com/annonce/vetements-homme/ensemble-homme-2241379"
"1765132990-361","https://sn.coinafrique.com/categorie/vetements-homme?page=115","12 000CFA","Ensemble pantalons et t-shirt","Dakar Plateau, Dakar, Sénégal","https://sn.coinafrique.com/annonce/vetements-homme/ensemble-pantalons-et-t-shirt-2241058"
"1765132990-362","https://sn.coinafrique.com/categorie/vetements-homme?page=115","12 000CFA","Ensemble","Dakar Plateau, Dakar, Sénégal","https://sn.coinafrique.com/annonce/vetements-homme/ensemble-2241051"
"1765132990-363","https://sn.coinafrique.com/categorie/vetements-homme?page=115","6 500CFA","Pantalons","Dakar Plateau, Dakar, Sénégal","https://sn.coinafrique.com/annonce/vetements-homme/pantalons-2241028"
"1765132990-364","https://sn.coinafrique.com/categorie/vetements-homme?page=115","6 500CFA","Pantalon Kaki","Dakar Plateau, Dakar, Sénégal","https://sn.coinafrique.com/annonce/vetements-homme/pantalon-kaki-2241027"
"1765132990-365","https://sn.coinafrique.com/categorie/vetements-homme?page=115","6 500CFA","Pantalons","Dakar Plateau, Dakar, Sénégal","https://sn.coinafrique.com/annonce/vetements-homme/pantalons-2241026"
"1765132990-366","https://sn.coinafrique.com/categorie/vetements-homme?page=115","14 000CFA","Ensemble homme","Dakar Plateau, Dakar, Sénégal","https://sn.coinafrique.com/annonce/vetements-homme/ensemble-homme-2241024"
"1765132990-367","https://sn.coinafrique.com/categorie/vetements-homme?page=115","14 000CFA","Ensemble vêtements homme","Dakar Plateau, Dakar, Sénégal","https://sn.coinafrique.com/annonce/vetements-homme/ensemble-vetements-homme-2241021"
"1765132990-368","https://sn.coinafrique.com/categorie/vetements-homme?page=115","14 000CFA","Ensemble homme","Dakar Plateau, Dakar, Sénégal","https://sn.coinafrique.com/annonce/vetements-homme/ensemble-homme-2241020"
"1765132990-369","https://sn.coinafrique.com/categorie/vetements-homme?page=115","14 000CFA","Ensemble pantalons chemise","Dakar Plateau, Dakar, Sénégal","https://sn.coinafrique.com/annonce/vetements-homme/ensemble-pantalons-chemise-2241018"
"1765132990-370","https://sn.coinafrique.com/categorie/vetements-homme?page=115","8 500CFA","Ensemble culotte t-shirt","Dakar Plateau, Dakar, Sénégal","https://sn.coinafrique.com/annonce/vetements-homme/ensemble-culotte-t-shirt-2240978"
"1765132990-371","https://sn.coinafrique.com/categorie/vetements-homme?page=115","8 500CFA","Ensemble vêtements homme","Dakar Plateau, Dakar, Sénégal","https://sn.coinafrique.com/annonce/vetements-homme/ensemble-vetements-homme-2240974"
"1765132990-372","https://sn.coinafrique.com/categorie/vetements-homme?page=115","8 500CFA","Ensemble vêtements homme","Dakar Plateau, Dakar, Sénégal","https://sn.coinafrique.com/annonce/vetements-homme/ensemble-vetements-homme-2240969"
"1765132990-373","https://sn.coinafrique.com/categorie/vetements-homme?page=115","10 000CFA","Ensemble vêtements homme","Dakar Plateau, Dakar, Sénégal","https://sn.coinafrique.com/annonce/vetements-homme/ensemble-vetements-homme-2240966"
"1765132990-374","https://sn.coinafrique.com/categorie/vetements-homme?page=115","10 000CFA","Ensemble homme","Dakar Plateau, Dakar, Sénégal","https://sn.coinafrique.com/annonce/vetements-homme/ensemble-homme-2240961"
"1765132990-375","https://sn.coinafrique.com/categorie/vetements-homme?page=115","10 000CFA","Ensemble homme","Dakar Plateau, Dakar, Sénégal","https://sn.coinafrique.com/annonce/vetements-homme/ensemble-homme-2240956"
"1765132990-376","https://sn.coinafrique.com/categorie/vetements-homme?page=115","10 000CFA","Ensemble homme","Dakar Plateau, Dakar, Sénégal","https://sn.coinafrique.com/annonce/vetements-homme/ensemble-homme-2240951"
"1765132990-377","https://sn.coinafrique.com/categorie/vetements-homme?page=115","10 000CFA","Ensemble homme","Dakar Plateau, Dakar, Sénégal","https://sn.coinafrique.com/annonce/vetements-homme/ensemble-homme-2240948"
"1765132990-378","https://sn.coinafrique.com/categorie/vetements-homme?page=115","10 000CFA","Ensemble","Dakar Plateau, Dakar, Sénégal","https://sn.coinafrique.com/annonce/vetements-homme/ensemble-2240946"
"1765132990-379","https://sn.coinafrique.com/categorie/vetements-homme?page=115","Prix sur demande","T-shirt","Dieuppeul-Derklé, Dakar, Sénégal","https://sn.coinafrique.com/annonce/vetements-homme/t-shirt-2240151"
"1765132990-380","https://sn.coinafrique.com/categorie/vetements-homme?page=115","Prix sur demande","Pantalon homme","Dieuppeul-Derklé, Dakar, Sénégal","https://sn.coinafrique.com/annonce/vetements-homme/pantalon-homme-2240144"
"1765132990-381","https://sn.coinafrique.com/categorie/vetements-homme?page=115","28 000CFA","Ensemble","Yoff, Dakar, Sénégal","https://sn.coinafrique.com/annonce/vetements-homme/ensemble-2240102"
"1765132990-382","https://sn.coinafrique.com/categorie/vetements-homme?page=115","7 500CFA","Ensemble short","Dakar, Sénégal","https://sn.coinafrique.com/annonce/vetements-homme/ensemble-short-2240066"
"1765132990-383","https://sn.coinafrique.com/categorie/vetements-homme?page=115","10 000CFA","Ensemble shorts","Grand Dakar, Dakar, Sénégal","https://sn.coinafrique.com/annonce/vetements-homme/ensemble-shorts-2238917"
"1765132990-384","https://sn.coinafrique.com/categorie/vetements-homme?page=115","15 000CFA","Ensemble kaki et chemise","Grand Dakar, Dakar, Sénégal","https://sn.coinafrique.com/annonce/vetements-homme/ensemble-kaki-et-chemise-2238911"
"1765132990-385","https://sn.coinafrique.com/categorie/vetements-homme?page=115","15 000CFA","Ensemble Kaki et Lacoste","Grand Dakar, Dakar, Sénégal","https://sn.coinafrique.com/annonce/vetements-homme/ensemble-kaki-et-lacoste-2238887"
"1765132990-386","https://sn.coinafrique.com/categorie/vetements-homme?page=115","8 000CFA","Lacoste homme","Grand Dakar, Dakar, Sénégal","https://sn.coinafrique.com/annonce/vetements-homme/lacoste-homme-2238875"
"1765132990-387","https://sn.coinafrique.com/categorie/vetements-homme?page=115","15 000CFA","Bombers en pagne","Dakar, Sénégal","https://sn.coinafrique.com/annonce/vetements-homme/bombers-en-pagne-2238774"
"1765132990-388","https://sn.coinafrique.com/categorie/vetements-homme?page=115","Prix sur demande","Ensemble vêtements","Sicap Liberté, Dakar, Sénégal","https://sn.coinafrique.com/annonce/vetements-homme/ensemble-vetements-2236197"
"1765132990-389","https://sn.coinafrique.com/categorie/vetements-homme?page=115","Prix sur demande","Ensemble habits","Sicap Liberté, Dakar, Sénégal","https://sn.coinafrique.com/annonce/vetements-homme/ensemble-habits-2236195"
"1765132990-390","https://sn.coinafrique.com/categorie/vetements-homme?page=115","Prix sur demande","Ensemble vêtements","Sicap Liberté, Dakar, Sénégal","https://sn.coinafrique.com/annonce/vetements-homme/ensemble-vetements-2236191"
"1765132990-391","https://sn.coinafrique.com/categorie/vetements-homme?page=115","Prix sur demande","Ensemble","Sicap Liberté, Dakar, Sénégal","https://sn.coinafrique.com/annonce/vetements-homme/ensemble-2236190"
"1765132990-392","https://sn.coinafrique.com/categorie/vetements-homme?page=115","Prix sur demande","Ensemble vêtements","Sicap Liberté, Dakar, Sénégal","https://sn.coinafrique.com/annonce/vetements-homme/ensemble-vetements-2236186"
"1765132990-393","https://sn.coinafrique.com/categorie/vetements-homme?page=115","Prix sur demande","Ensemble T-shirt","Sicap Liberté, Dakar, Sénégal","https://sn.coinafrique.com/annonce/vetements-homme/ensemble-t-shirt-2236184"
"1765132990-394","https://sn.coinafrique.com/categorie/vetements-homme?page=115","Prix sur demande","Chemises","Sicap Liberté, Dakar, Sénégal","https://sn.coinafrique.com/annonce/vetements-homme/chemises-2236181"
"1765132990-395","https://sn.coinafrique.com/categorie/vetements-homme?page=115","Prix sur demande","Chemises fleuries","Sicap Liberté, Dakar, Sénégal","https://sn.coinafrique.com/annonce/vetements-homme/chemises-fleuries-2236177"
"1765132990-396","https://sn.coinafrique.com/categorie/vetements-homme?page=115","Prix sur demande","Ensemble Chemise Kaki","Parcelle Assainies, Dakar, Sénégal","https://sn.coinafrique.com/annonce/vetements-homme/ensemble-chemise-kaki-2235815"
"1765132990-397","https://sn.coinafrique.com/categorie/vetements-homme?page=115","Prix sur demande","Ensembles chemise kaki","Parcelle Assainies, Dakar, Sénégal","https://sn.coinafrique.com/annonce/vetements-homme/ensembles-chemise-kaki-2235807"
"1765132990-398","https://sn.coinafrique.com/categorie/vetements-homme?page=115","Prix sur demande","Ensemble pour homme","Parcelle Assainies, Dakar, Sénégal","https://sn.coinafrique.com/annonce/vetements-homme/ensemble-pour-homme-2235799"
"1765132990-399","https://sn.coinafrique.com/categorie/vetements-homme?page=115","Prix sur demande","Ensembles chemise kaki","Parcelle Assainies, Dakar, Sénégal","https://sn.coinafrique.com/annonce/vetements-homme/ensembles-chemise-kaki-2235794"
"1765132990-400","https://sn.coinafrique.com/categorie/vetements-homme?page=115","6 500CFA","Pantalon Kaki","Dakar Plateau, Dakar, Sénégal","https://sn.coinafrique.com/annonce/vetements-homme/pantalon-kaki-2235684"
"1765132990-401","https://sn.coinafrique.com/categorie/vetements-homme?page=115","6 500CFA","Pantalon kaki","Dakar Plateau, Dakar, Sénégal","https://sn.coinafrique.com/annonce/vetements-homme/pantalon-kaki-2235680"
"1765132990-402","https://sn.coinafrique.com/categorie/vetements-homme?page=115","6 500CFA","Kaki","Dakar Plateau, Dakar, Sénégal","https://sn.coinafrique.com/annonce/vetements-homme/kaki-2235679"
"1765132990-403","https://sn.coinafrique.com/categorie/vetements-homme?page=115","6 500CFA","Kaki","Dakar Plateau, Dakar, Sénégal","https://sn.coinafrique.com/annonce/vetements-homme/kaki-2235678"
"1765132990-404","https://sn.coinafrique.com/categorie/vetements-homme?page=115","12 000CFA","Ensemble Polo - Pantalon","Dakar Plateau, Dakar, Sénégal","https://sn.coinafrique.com/annonce/vetements-homme/ensemble-polo-pantalon-2235668"
"1765132990-405","https://sn.coinafrique.com/categorie/vetements-homme?page=115","12 000CFA","Ensemble Polo - Pantalon","Dakar Plateau, Dakar, Sénégal","https://sn.coinafrique.com/annonce/vetements-homme/ensemble-polo-pantalon-2235663"
"1765132990-406","https://sn.coinafrique.com/categorie/vetements-homme?page=115","12 000CFA","Ensemble homme","Dakar Plateau, Dakar, Sénégal","https://sn.coinafrique.com/annonce/vetements-homme/ensemble-homme-2235661"
"1765132990-407","https://sn.coinafrique.com/categorie/vetements-homme?page=115","12 000CFA","Ensembles","Dakar Plateau, Dakar, Sénégal","https://sn.coinafrique.com/annonce/vetements-homme/ensembles-2235659"
"1765132990-408","https://sn.coinafrique.com/categorie/vetements-homme?page=115","12 000CFA","Ensemble Polo - Pantalon","Dakar Plateau, Dakar, Sénégal","https://sn.coinafrique.com/annonce/vetements-homme/ensemble-polo-pantalon-2235655"
"1765132990-409","https://sn.coinafrique.com/categorie/vetements-homme?page=115","12 000CFA","Ensemble Polo-Pantalon","Dakar Plateau, Dakar, Sénégal","https://sn.coinafrique.com/annonce/vetements-homme/ensemble-polo-pantalon-2235653"
"1765132990-410","https://sn.coinafrique.com/categorie/vetements-homme?page=115","12 000CFA","Ensemble polo et pantalon","Dakar Plateau, Dakar, Sénégal","https://sn.coinafrique.com/annonce/vetements-homme/ensemble-polo-et-pantalon-2235651"
"1765132990-411","https://sn.coinafrique.com/categorie/vetements-homme?page=115","12 000CFA","Ensemble Polo - Pantalon","Dakar Plateau, Dakar, Sénégal","https://sn.coinafrique.com/annonce/vetements-homme/ensemble-polo-pantalon-2235650"
"1765132990-412","https://sn.coinafrique.com/categorie/vetements-homme?page=115","12 000CFA","Ensemble polo et pantalon","Dakar Plateau, Dakar, Sénégal","https://sn.coinafrique.com/annonce/vetements-homme/ensemble-polo-et-pantalon-2235647"
"1765132990-413","https://sn.coinafrique.com/categorie/vetements-homme?page=115","20 000CFA","Kaftan","Grand Yoff, Dakar, Sénégal","https://sn.coinafrique.com/annonce/vetements-homme/kaftan-2235494"
"1765132990-414","https://sn.coinafrique.com/categorie/vetements-homme?page=115","20 000CFA","Kaftan","Grand Yoff, Dakar, Sénégal","https://sn.coinafrique.com/annonce/vetements-homme/kaftan-2235475"
"1765132990-415","https://sn.coinafrique.com/categorie/vetements-homme?page=115","20 000CFA","Tenue homme","Grand Yoff, Dakar, Sénégal","https://sn.coinafrique.com/annonce/vetements-homme/tenue-homme-2235319"
"1765132990-416","https://sn.coinafrique.com/categorie/vetements-homme?page=115","7 500CFA","Vêtements hommes et femmes","Dakar, Sénégal","https://sn.coinafrique.com/annonce/vetements-homme/vetements-hommes-et-femmes-2234724"
"1765132990-417","https://sn.coinafrique.com/categorie/vetements-homme?page=115","15 000CFA","Ensemble Lacoste kaki","Dakar, Sénégal","https://sn.coinafrique.com/annonce/vetements-homme/ensemble-lacoste-kaki-2234690"
"1765132990-418","https://sn.coinafrique.com/categorie/vetements-homme?page=115","150 000CFA","Ensemble Lacoste kaki","Dakar, Sénégal","https://sn.coinafrique.com/annonce/vetements-homme/ensemble-lacoste-kaki-2234687"
"1765132990-419","https://sn.coinafrique.com/categorie/vetements-homme?page=115","10 000CFA","T-shirt couple","Dakar, Sénégal","https://sn.coinafrique.com/annonce/vetements-homme/t-shirt-couple-2234683"
"1765132990-420","https://sn.coinafrique.com/categorie/vetements-homme?page=115","6 500CFA","Pantalon Kaki","Dakar Plateau, Dakar, Sénégal","https://sn.coinafrique.com/annonce/vetements-homme/pantalon-kaki-2230216"
